"Player","Pos","Pos2","Team","Opp","Hand","Order","Salary","Projection","SE","DvP","DvP2","DFC","FanGraphs","FantasyPros","numberFire","RotoGrinders","Rotowire","DvPRank","Line","Spread","OU","ParkFactor","Label","Actual","Value","actValue"
"Trea Turner","OF","SS","WAS","MIA","R",1,4900,10.47,1.42,0,NA,12.88,10.16,NA,9.1,10.13,10.09,0,-197,-1.46,8,1,"T. Turner",10,2.13673469387755,2.04081632653061
"Mike Trout","OF","","LAA","@OAK","R",3,5300,10.37,1.24,0,NA,12.33,10.06,11.3,9.6,8.9,10.02,0,-111,-0.119999999999999,8,1.03,"M. Trout",21,1.95660377358491,3.9622641509434
"Mookie Betts","OF","","BOS","PIT","R",3,5200,10.08,1.28,0,NA,11.49,10.11,NA,11.2,8.72,8.86,0,-151,-0.880000000000001,8.5,0.95,"M. Betts",5,1.93846153846154,0.961538461538461
"Charlie Blackmon","OF","","COL","@MIL","L",1,5000,10.02,1.8,0,NA,12.44,9.35,NA,11.1,7.75,9.48,0,-125,-0.380000000000001,8,0.96,"C. Blackmon",7,2.004,1.4
"Joey Votto","1B","","CIN","PHI","L",3,4700,9.8,1.09,0,NA,11.5,9.03,10.8,9.4,8.77,9.28,0,-115,-0.199999999999999,8.5,0.98,"J. Votto",0,2.08510638297872,0
"Brian Dozier","2B","","MIN","KCR","R",1,4500,9.65,2.01,0,NA,12.77,8.24,8.7,11.4,7.57,9.25,0,-105,-0.0999999999999996,8,0.99,"B. Dozier",7,2.14444444444444,1.55555555555556
"Bryce Harper","OF","","WAS","MIA","L",3,5100,9.64,0.96,0,NA,10.72,9.98,NA,8.1,9.78,9.63,0,-197,-1.46,8,1,"B. Harper",16,1.89019607843137,3.13725490196078
"Jonathan Villar","3B","SS","MIL","COL","S",1,4300,9.55,1.19,0,NA,11.44,8.66,NA,9.5,8.42,9.72,0,115,0.379999999999999,8,0.96,"J. Villar",13,2.22093023255814,3.02325581395349
"Miguel Cabrera","1B","","DET","@CHW","R",3,4600,9.47,1.78,0,NA,11.84,8.67,7,11.1,9.65,8.57,0,-124,-0.32,7,0.98,"M. Cabrera",NA,2.05869565217391,NA
"Daniel Murphy","2B","3B","WAS","MIA","L",4,4500,9.43,0.77,0,NA,10.53,8.86,NA,9.5,9.71,8.56,0,-197,-1.46,8,1,"D. Murphy",8,2.09555555555556,1.77777777777778
"Josh Donaldson","3B","","TOR","@BAL","R",2,4900,9.41,1.13,0,NA,10.25,8.32,11.2,9.4,8.37,8.95,0,123,0.559999999999999,8.5,0.97,"J. Donaldson",11,1.92040816326531,2.24489795918367
"Nolan Arenado","3B","","COL","@MIL","R",4,5000,9.4,1.13,0,NA,11.27,8.59,NA,9.6,8.54,8.99,0,-125,-0.380000000000001,8,0.96,"N. Arenado",12,1.88,2.4
"Nelson Cruz","OF","","SEA","@HOU","R",4,4400,9.39,1.21,0,NA,10.55,7.96,10.8,9.5,8.01,9.55,0,134,0.76,8.5,1,"N. Cruz",2,2.13409090909091,0.454545454545455
"Jose Altuve","2B","","HOU","SEA","R",3,4800,9.27,1.35,0,NA,10.25,9.45,9.5,10.6,6.78,9.03,0,-144,-0.76,8.5,1,"J. Altuve",3,1.93125,0.625
"Starling Marte","OF","","PIT","@BOS","R",2,4900,9.23,1.27,0,NA,10.45,9.41,NA,9.8,7.1,9.38,0,141,0.879999999999999,8.5,0.95,"S. Marte",2,1.88367346938776,0.408163265306122
"Manny Machado","3B","SS","BAL","TOR","R",3,5100,9.18,0.82,0,NA,10.57,9.08,8.2,9.6,8.76,8.89,0,-133,-0.56,8.5,0.97,"M. Machado",5,1.8,0.980392156862745
"Ryan Braun","OF","","MIL","COL","R",3,4800,9.13,1.25,0,NA,10.96,7.88,NA,9.2,8.06,9.53,0,115,0.379999999999999,8,0.96,"R. Braun",2,1.90208333333333,0.416666666666667
"Billy Hamilton","OF","","CIN","PHI","S",1,4100,8.98,1.31,0,NA,11.41,9.25,7.8,8.5,8.02,8.9,0,-115,-0.199999999999999,8.5,0.98,"B. Hamilton",10,2.19024390243902,2.4390243902439
"Trevor Story","SS","","COL","@MIL","R",5,4600,8.94,1.19,0,NA,10.62,7.77,NA,9.6,7.94,8.78,0,-125,-0.380000000000001,8,0.96,"T. Story",7,1.94347826086957,1.52173913043478
"Odubel Herrera","2B","OF","PHI","@CIN","L",3,4200,8.92,0.6,0,NA,9.02,8.2,9.8,9.4,8.55,8.54,0,105,0.199999999999999,8.5,0.98,"O. Herrera",9,2.12380952380952,2.14285714285714
"Ian Kinsler","2B","","DET","@CHW","R",1,4200,8.85,0.77,0,NA,9.73,7.78,9.5,9.1,8.86,8.1,0,-124,-0.32,7,0.98,"I. Kinsler",NA,2.10714285714286,NA
"Adam Eaton","OF","","WAS","MIA","L",2,4100,8.81,0.84,0,NA,10.15,8.46,NA,9.1,8.22,8.12,0,-197,-1.46,8,1,"A. Eaton",16,2.14878048780488,3.90243902439024
"Adam Duvall","1B","OF","CIN","PHI","R",4,4000,8.79,0.79,0,NA,9.61,8.21,9.7,8.9,7.68,8.63,0,-115,-0.199999999999999,8.5,0.98,"A. Duvall",8,2.1975,2
NA,NA,NA,NA,NA,NA,NA,NA,NA,NA,NA,NA,NA,NA,NA,NA,NA,NA,NA,NA,NA,NA,NA,NA,NA,NA,NA
"Corey Seager","SS","","LAD","SDP","L",2,4400,8.75,0.62,0,NA,9.51,7.76,9,8.7,8.36,9.17,0,-344,-2.34,6.5,1.04,"C. Seager",21,1.98863636363636,4.77272727272727
"Hanley Ramirez","1B","OF","BOS","PIT","R",4,4400,8.72,1.64,0,NA,10.99,8.93,NA,9.4,6.93,7.33,0,-151,-0.880000000000001,8.5,0.95,"H. Ramirez",3,1.98181818181818,0.681818181818182
"Jean Segura","2B","SS","SEA","@HOU","R",1,4200,8.7,1.61,0,NA,11.25,8.23,8.9,9.1,6.24,8.46,0,134,0.76,8.5,1,"J. Segura",6,2.07142857142857,1.42857142857143
NA,NA,NA,NA,NA,NA,NA,NA,NA,NA,NA,NA,NA,NA,NA,NA,NA,NA,NA,NA,NA,NA,NA,NA,NA,NA,NA
"Jose Bautista","OF","","TOR","@BAL","R",3,4700,8.63,0.76,0,NA,9.72,7.96,8.7,9.2,7.69,8.53,0,123,0.559999999999999,8.5,0.97,"J. Bautista",2,1.83617021276596,0.425531914893617
"Chris Davis","1B","OF","BAL","TOR","L",4,4300,8.57,0.79,0,NA,9.91,8.45,8.6,7.5,8.19,8.79,0,-133,-0.56,8.5,0.97,"C. Davis",5,1.99302325581395,1.16279069767442
"Edwin Encarnacion","1B","","CLE","@TEX","R",4,4500,8.52,1.58,0,NA,10.25,7.74,7.9,10.1,6.13,9.01,0,-115,-0.18,7.5,0.94,"E. Encarnacion",19,1.89333333333333,4.22222222222222
"Justin Turner","3B","","LAD","SDP","R",3,3500,8.46,0.83,0,NA,9.64,7.54,7.5,9,8.51,8.55,0,-344,-2.34,6.5,1.04,"J. Turner",19,2.41714285714286,5.42857142857143
"Yoenis Cespedes","OF","","NYM","ATL","R",3,4200,8.46,1.01,0,NA,9.71,7.59,NA,9.4,7.75,7.86,0,-176,-1.06,7,1.06,"Y. Cespedes",4,2.01428571428571,0.952380952380952
"Carlos Gonzalez","OF","","COL","@MIL","L",3,4800,8.45,0.96,0,NA,9.65,8.89,NA,7.6,7.35,8.78,0,-125,-0.380000000000001,8,0.96,"C. Gonzalez",0,1.76041666666667,0
"George Springer","OF","","HOU","SEA","R",1,4400,8.37,1.32,0,NA,10.23,8.91,7.4,8.7,6.4,8.58,0,-144,-0.76,8.5,1,"G. Springer",14,1.90227272727273,3.18181818181818
"Francisco Lindor","SS","","CLE","@TEX","S",2,4500,8.37,1.24,0,NA,9.05,7.94,8.8,9.7,6.12,8.59,0,-115,-0.18,7.5,0.94,"F. Lindor",4,1.86,0.888888888888889
"Carlos Santana","1B","","CLE","@TEX","S",1,4500,8.37,1.31,0,NA,9.53,8.26,8.4,9.5,5.94,8.6,0,-115,-0.18,7.5,0.94,"C. Santana",16,1.86,3.55555555555556
"DJ LeMahieu","2B","3B","COL","@MIL","R",2,4300,8.33,1.31,0,NA,10.07,7.76,NA,9.2,6.71,7.93,0,-125,-0.380000000000001,8,0.96,"D. LeMahieu",0,1.93720930232558,0
"Khris Davis","OF","","OAK","LAA","R",4,3800,8.3,1.4,0,NA,10.53,7.48,7.8,9.2,6.56,8.22,0,101,0.120000000000001,8,1.03,"K. Davis",31,2.18421052631579,8.15789473684211
"Justin Upton","OF","","DET","@CHW","R",5,4000,8.29,1.42,0,NA,11.05,7.75,6.9,8,8.11,7.96,0,-124,-0.32,7,0.98,"J. Upton",NA,2.0725,NA
"Carlos Correa","SS","","HOU","SEA","R",4,4700,8.29,1.13,0,NA,9.42,8.73,8,8.7,6.17,8.74,0,-144,-0.76,8.5,1,"C. Correa",16,1.76382978723404,3.40425531914894
"Jose Peraza","2B","SS","CIN","PHI","R",2,3700,8.26,0.99,0,NA,9.5,8.34,9.3,7.1,7.36,7.97,0,-115,-0.199999999999999,8.5,0.98,"J. Peraza",6,2.23243243243243,1.62162162162162
"Lorenzo Cain","OF","","KCR","@MIN","R",3,3900,8.26,1.08,0,NA,NA,8.02,9.1,9.4,6.66,8.13,0,-105,0.0999999999999996,8,NA,"L. Cain",9,2.11794871794872,2.30769230769231
"Mark Trumbo","1B","OF","BAL","TOR","R",5,4200,8.25,0.92,0,NA,9.79,8.21,7.2,8.7,8.03,7.57,0,-133,-0.56,8.5,0.97,"M. Trumbo",21,1.96428571428571,5
NA,NA,NA,NA,NA,NA,NA,NA,NA,NA,NA,NA,NA,NA,NA,NA,NA,NA,NA,NA,NA,NA,NA,NA,NA,NA,NA
"Andrew McCutchen","OF","","PIT","@BOS","R",3,4700,8.21,1.24,0,NA,9.75,8.64,NA,8.2,6.31,8.14,0,141,0.879999999999999,8.5,0.95,"A. McCutchen",0,1.7468085106383,0
"Maikel Franco","3B","","PHI","@CIN","R",4,4200,8.18,0.93,0,NA,8.84,8.53,6.7,9.3,7.61,8.11,0,105,0.199999999999999,8.5,0.98,"M. Franco",7,1.94761904761905,1.66666666666667
"Dustin Pedroia","2B","","BOS","PIT","R",1,4100,8.18,1.09,0,NA,9.45,8.74,NA,8.6,6.82,7.27,0,-151,-0.880000000000001,8.5,0.95,"D. Pedroia",7,1.99512195121951,1.70731707317073
"Gregory Polanco","OF","","PIT","@BOS","L",4,4500,8.15,1.4,0,NA,9.8,8.4,NA,8,6.4,NA,0,141,0.879999999999999,8.5,0.95,"G. Polanco",3,1.81111111111111,0.666666666666667
"Joc Pederson","OF","","LAD","SDP","L",6,3600,8.14,1.14,0,NA,9.24,7.58,7.9,9.1,6.25,8.76,0,-344,-2.34,6.5,1.04,"J. Pederson",22,2.26111111111111,6.11111111111111
"Devon Travis","2B","","TOR","@BAL","R",1,4000,8.13,0.99,0,NA,8.77,7.6,9.1,8.7,6.41,8.2,0,123,0.559999999999999,8.5,0.97,"D. Travis",6,2.0325,1.5
"Cesar Hernandez","2B","","PHI","@CIN","S",1,3800,8.12,0.73,0,NA,9.03,8.36,7.6,8.8,7.16,7.74,0,105,0.199999999999999,8.5,0.98,"C. Hernandez",14,2.13684210526316,3.68421052631579
"Albert Pujols","1B","","LAA","@OAK","R",4,3700,8.07,1.25,0,NA,10.07,7.91,7.3,9,6.69,7.44,0,-111,-0.119999999999999,8,1.03,"A. Pujols",2,2.18108108108108,0.54054054054054
"Freddie Freeman","1B","","ATL","@NYM","L",3,3900,8.05,2.11,0,NA,11.46,6.94,NA,8.4,5.9,7.53,0,166,1.06,7,1.06,"F. Freeman",14,2.06410256410256,3.58974358974359
"Eric Hosmer","1B","","KCR","@MIN","L",4,3700,8,0.91,0,NA,9.62,7.51,8.4,7,7.72,7.73,0,-105,0.0999999999999996,8,0.99,"E. Hosmer",0,2.16216216216216,0
"Adam Jones","OF","","BAL","TOR","R",2,4300,8,0.68,0,NA,9.32,8.02,7.5,7.9,7.5,7.76,0,-133,-0.56,8.5,0.97,"A. Jones",9,1.86046511627907,2.09302325581395
"Jose Ramirez","3B","OF","CLE","@TEX","S",5,4300,7.99,1.6,0,NA,10.08,7.9,8.2,8.5,5.14,8.11,0,-115,-0.18,7.5,0.94,"J. Ramirez",18,1.85813953488372,4.18604651162791
"Michael Saunders","OF","","PHI","@CIN","L",5,3800,7.98,1.45,0,NA,7.14,7.74,10.2,8.8,5.94,8.06,0,105,0.199999999999999,8.5,0.98,"M. Saunders",9,2.1,2.36842105263158
"Xander Bogaerts","3B","SS","BOS","PIT","R",6,4400,7.95,0.51,0,NA,8.65,8.12,NA,8.1,7.49,7.4,0,-151,-0.880000000000001,8.5,0.95,"X. Bogaerts",16,1.80681818181818,3.63636363636364
"Rougned Odor","2B","","TEX","CLE","L",5,4400,7.95,1.57,0,NA,10.12,7.4,8.6,7,5.7,8.88,0,105,0.18,7.5,0.94,"R. Odor",32,1.80681818181818,7.27272727272727
"Kole Calhoun","OF","","LAA","@OAK","L",2,3500,7.94,0.98,0,NA,9.39,7.74,8.5,8,6.45,7.56,0,-111,-0.119999999999999,8,1.03,"K. Calhoun",7,2.26857142857143,2
"Giancarlo Stanton","OF","","MIA","@WAS","R",4,4600,7.93,1.19,0,NA,9.67,8.23,NA,7.8,6.37,7.58,0,183,1.46,8,1,"G. Stanton",9,1.72391304347826,1.95652173913044
"Robinson Cano","2B","","SEA","@HOU","L",3,4400,7.93,1.47,0,NA,9.85,7.22,7.1,9.6,6.19,7.63,0,134,0.76,8.5,1,"R. Cano",3,1.80227272727273,0.681818181818182
"Carlos Beltran","OF","","HOU","SEA","S",5,3700,7.89,1.46,0,NA,8.9,7.68,6.7,10.1,6.08,7.91,0,-144,-0.76,8.5,1,"C. Beltran",0,2.13243243243243,0
"Seth Smith","OF","","BAL","TOR","L",1,3500,7.84,0.5,0,NA,8.01,8.21,7.9,8.3,6.91,7.71,0,-133,-0.56,8.5,0.97,"S. Smith",7,2.24,2
"Victor Martinez","1B","","DET","@CHW","S",4,3500,7.83,0.75,0,NA,8.94,6.88,7.9,8.3,7.83,7.14,0,-124,-0.32,7,0.98,"V. Martinez",NA,2.23714285714286,NA
"Dee Gordon","2B","","MIA","@WAS","L",1,4200,7.79,1.31,0,NA,9.43,8.11,NA,7.7,5.79,7.93,0,183,1.46,8,1,"D. Gordon",0,1.8547619047619,0
"Jackie Bradley","OF","","BOS","PIT","L",7,4200,7.78,0.72,0,NA,8.56,7.51,NA,8.5,6.91,7.4,0,-151,-0.880000000000001,8.5,0.95,"J. Bradley",12,1.85238095238095,2.85714285714286
"Miguel Sano","3B","OF","MIN","KCR","R",5,4000,7.75,1.07,0,NA,9.34,7.7,8.1,7.1,6.16,8.08,0,-105,-0.0999999999999996,8,0.99,"M. Sano",20,1.9375,5
"Alex Bregman","3B","","HOU","SEA","R",2,3800,7.72,1.28,0,NA,9.44,8.4,7,7.6,5.72,8.16,0,-144,-0.76,8.5,1,"A. Bregman",12,2.03157894736842,3.15789473684211
"Rajai Davis","OF","","OAK","LAA","R",1,3600,7.71,0.76,0,NA,7.96,8.18,7.9,7.2,6.46,8.57,0,101,0.120000000000001,8,1.03,"R. Davis",0,2.14166666666667,0
"Curtis Granderson","OF","","NYM","ATL","L",4,3700,7.68,1,0,NA,9.42,7.28,NA,7.6,7.15,6.95,0,-176,-1.06,7,1.06,"C. Granderson",5,2.07567567567568,1.35135135135135
"Adrian Gonzalez","1B","","LAD","SDP","L",4,3800,7.67,0.73,0,NA,8.96,7.31,7.1,7.8,6.98,7.9,0,-344,-2.34,6.5,1.04,"A. Gonzalez",13,2.01842105263158,3.42105263157895
"Jose Reyes","3B","SS","NYM","ATL","S",1,4000,7.61,1.37,0,NA,10.02,7.19,NA,7.2,6.55,7.1,0,-176,-1.06,7,1.06,"J. Reyes",4,1.9025,1
"Kendrys Morales","1B","","TOR","@BAL","S",4,4100,7.61,1.33,0,NA,9.58,7.73,6.2,7.9,6.02,8.22,0,123,0.559999999999999,8.5,0.97,"K. Morales",4,1.85609756097561,0.975609756097561
"Alex Gordon","OF","","KCR","@MIN","L",1,3500,7.58,0.93,0,NA,8.94,7.4,7.3,8.3,6.26,7.29,0,-105,0.0999999999999996,8,0.99,"A. Gordon",3,2.16571428571429,0.857142857142857
"Jose Abreu","1B","","CHW","DET","R",4,4000,7.55,1.35,0,NA,9.83,7.4,7.3,8,5.7,7.06,0,114,0.32,7,0.98,"J. Abreu",NA,1.8875,NA
"Jayson Werth","OF","","WAS","MIA","R",6,3600,7.54,0.73,0,NA,8.76,7.51,NA,6.9,7.51,7.04,0,-197,-1.46,8,1,"J. Werth",0,2.09444444444444,0
"Andrew Benintendi","OF","","BOS","PIT","L",2,3700,7.54,1.22,0,NA,7.79,9.28,NA,6,6.87,7.75,0,-151,-0.880000000000001,8.5,0.95,"A. Benintendi",18,2.03783783783784,4.86486486486486
"Logan Forsythe","2B","","LAD","SDP","R",5,3600,7.53,0.74,0,NA,8.79,6.96,6.7,7.6,7.84,7.31,0,-344,-2.34,6.5,1.04,"L. Forsythe",11,2.09166666666667,3.05555555555556
"Ryon Healy","1B","3B","OAK","LAA","R",3,3300,7.53,0.85,0,NA,8.98,6.97,7.5,7.6,6.44,7.69,0,101,0.120000000000001,8,1.03,"R. Healy",0,2.28181818181818,0
"Salvador Perez","C","","KCR","@MIN","R",5,3300,7.53,1.28,0,NA,7.36,7.31,9.9,7.7,6.2,6.68,0,-105,0.0999999999999996,8,0.99,"S. Perez",3,2.28181818181818,0.909090909090909
"Neil Walker","2B","","NYM","ATL","S",5,3600,7.52,1.03,0,NA,9.3,7.03,NA,7.5,6.72,7.04,0,-176,-1.06,7,1.06,"N. Walker",4,2.08888888888889,1.11111111111111
"Christian Yelich","OF","","MIA","@WAS","L",3,4200,7.52,1.34,0,NA,NA,7.7,NA,9,5.74,7.63,0,183,1.46,8,NA,"C. Yelich",0,1.79047619047619,0
"Todd Frazier","1B","3B","CHW","DET","R",5,4100,7.52,1.08,0,NA,8.94,6.95,7.9,7.8,5.72,7.8,0,114,0.32,7,0.98,"T. Frazier",NA,1.83414634146341,NA
"Tommy Joseph","1B","","PHI","@CIN","R",6,3700,7.51,1.01,0,NA,8.22,8.05,6.3,7.8,6.18,8.52,0,105,0.199999999999999,8.5,0.98,"T. Joseph",0,2.02972972972973,0
"Asdrubal Cabrera","SS","","NYM","ATL","S",2,3500,7.51,1.38,0,NA,9.62,6.79,NA,8,6,7.13,0,-176,-1.06,7,1.06,"A. Cabrera",18,2.14571428571429,5.14285714285714
"Nick Castellanos","3B","","DET","@CHW","R",2,3600,7.5,0.47,0,NA,NA,7.33,7.1,8.3,7.51,7.26,0,-124,-0.32,7,NA,"N. Castellanos",NA,2.08333333333333,NA
"Scott Schebler","OF","","CIN","PHI","L",6,3600,7.49,1.13,0,NA,9.07,7.3,7.6,6.5,6.05,8.4,0,-115,-0.199999999999999,8.5,0.98,"S. Schebler",7,2.08055555555556,1.94444444444444
"Jay Bruce","OF","","NYM","ATL","L",6,3400,7.47,0.77,0,NA,8.64,6.71,NA,7.8,7.04,7.15,0,-176,-1.06,7,1.06,"J. Bruce",10,2.19705882352941,2.94117647058824
"Adam Frazier","2B","OF","PIT","@BOS","L",1,3300,7.45,1.32,0,NA,6.78,8.7,NA,8.9,5.79,7.1,0,141,0.879999999999999,8.5,0.95,"A. Frazier",7,2.25757575757576,2.12121212121212
"Howie Kendrick","2B","OF","PHI","@CIN","R",2,3600,7.44,0.74,0,NA,7.36,8.18,7,8.2,6.26,7.62,0,105,0.199999999999999,8.5,0.98,"H. Kendrick",11,2.06666666666667,3.05555555555556
"Troy Tulowitzki","SS","","TOR","@BAL","R",5,4400,7.44,0.87,0,NA,8.13,7.15,8.5,7.4,6,7.47,0,123,0.559999999999999,8.5,0.97,"T. Tulowitzki",0,1.69090909090909,0
"Keon Broxton","OF","","MIL","COL","R",6,3900,7.43,1.43,0,NA,9.51,6.69,NA,7,5.82,8.15,0,115,0.379999999999999,8,0.96,"K. Broxton",7,1.90512820512821,1.79487179487179
"Kyle Seager","3B","","SEA","@HOU","L",5,4000,7.43,1.33,0,NA,8.93,6.7,6.8,8.9,5.56,7.67,0,134,0.76,8.5,1,"K. Seager",4,1.8575,1
"Michael Brantley","OF","","CLE","@TEX","L",3,4700,7.41,1.08,0,NA,6.85,8.05,8.5,6.6,5.95,8.49,0,-115,-0.18,7.5,0.94,"M. Brantley",5,1.57659574468085,1.06382978723404
"Yasmani Grandal","C","","LAD","SDP","S",7,3400,7.35,1.01,0,NA,9.07,6.76,6.3,7.8,6.68,7.5,0,-344,-2.34,6.5,1.04,"Y. Grandal",30,2.16176470588235,8.82352941176471
"Danny Valencia","3B","OF","SEA","@HOU","R",6,3300,7.35,1.51,0,NA,6.1,6.73,9.8,7.2,5.85,8.44,0,134,0.76,8.5,1,"D. Valencia",2,2.22727272727273,0.606060606060606
"Andrew Toles","OF","","LAD","SDP","L",1,2900,7.34,1.2,0,NA,7.71,8.4,8.1,7,5.09,7.75,0,-344,-2.34,6.5,1.04,"A. Toles",8,2.53103448275862,2.75862068965517
"Tyler Naquin","OF","","CLE","@TEX","L",7,3900,7.34,1.51,0,NA,NA,6.86,8.1,9,5.01,7.74,0,-115,-0.18,7.5,NA,"T. Naquin",5,1.88205128205128,1.28205128205128
"Ryan Zimmerman","1B","3B","WAS","MIA","R",5,3400,7.33,0.82,0,NA,7.48,8.06,NA,8.1,6.22,6.8,0,-197,-1.46,8,1,"R. Zimmerman",6,2.15588235294118,1.76470588235294
"Byron Buxton","OF","","MIN","KCR","R",3,3400,7.3,0.62,0,NA,8.03,7.48,7,7.1,6.34,7.85,0,-105,-0.0999999999999996,8,0.99,"B. Buxton",0,2.14705882352941,0
"Gerardo Parra","OF","","COL","@MIL","L",6,3800,7.29,0.87,0,NA,7.25,7.36,NA,8.5,6.04,7.29,0,-125,-0.380000000000001,8,0.96,"G. Parra",8,1.91842105263158,2.10526315789474
"Carlos Gomez","OF","","TEX","CLE","R",2,4000,7.27,1.57,0,NA,9.39,7.41,5.4,7.4,5.56,8.44,0,105,0.18,7.5,0.94,"C. Gomez",16,1.8175,4
"Brandon Moss","1B","OF","KCR","@MIN","L",6,3500,7.24,0.94,0,NA,8.65,6.76,7,8,6.02,7.02,0,-105,0.0999999999999996,8,0.99,"B. Moss",0,2.06857142857143,0
"Paulo Orlando","OF","","KCR","@MIN","R",7,3200,7.22,1.1,0,NA,8.51,6.63,7.8,8,5.48,6.89,0,-105,0.0999999999999996,8,0.99,"P. Orlando",0,2.25625,0
"Mike Moustakas","3B","","KCR","@MIN","L",2,3200,7.21,0.48,0,NA,7.2,7.45,7.2,7.7,6.31,7.43,0,-105,0.0999999999999996,8,0.99,"M. Moustakas",14,2.253125,4.375
"Timothy Anderson","SS","","CHW","DET","R",2,3600,7.19,0.97,0,NA,8.52,7.07,7.3,7.6,5.54,7.1,0,114,0.32,7,0.98,"T. Anderson",NA,1.99722222222222,NA
"Mitch Moreland","1B","","BOS","PIT","L",5,3300,7.18,0.7,0,NA,8.13,7.49,NA,7.3,6.44,6.54,0,-151,-0.880000000000001,8.5,0.95,"M. Moreland",0,2.17575757575758,0
"Eugenio Suarez","3B","SS","CIN","PHI","R",5,3500,7.11,0.78,0,NA,8.16,7.57,7.1,6.8,5.84,7.16,0,-115,-0.199999999999999,8.5,0.98,"E. Suarez",2,2.03142857142857,0.571428571428571
"Josh Reddick","OF","","HOU","SEA","L",6,3500,7.11,0.88,0,NA,7.78,7.54,7.7,7.1,5.42,7.09,0,-144,-0.76,8.5,1,"J. Reddick",3,2.03142857142857,0.857142857142857
"Jonathan Lucroy","C","","TEX","CLE","R",6,4100,7.09,1.04,0,NA,8.15,6.47,7.4,7.2,5.36,7.97,0,105,0.18,7.5,0.94,"J. Lucroy",0,1.72926829268293,0
"Yunel Escobar","3B","SS","LAA","@OAK","R",1,3000,7.07,0.63,0,NA,7.99,7.48,6.6,7.3,6.29,6.76,0,-111,-0.119999999999999,8,1.03,"Y. Escobar",6,2.35666666666667,2
"Russell Martin","C","","TOR","@BAL","R",6,3900,7.05,1,0,NA,8.65,6.53,7.1,7,5.63,7.38,0,123,0.559999999999999,8.5,0.97,"R. Martin",4,1.80769230769231,1.02564102564103
"Robbie Grossman","OF","","MIN","KCR","S",2,3500,7.04,0.99,0,NA,8.08,6.29,7.6,7.8,5.51,6.95,0,-105,-0.0999999999999996,8,0.99,"R. Grossman",8,2.01142857142857,2.28571428571429
"Eric Thames","1B","OF","MIL","COL","L",2,3800,7.03,2.01,0,NA,4.57,7.95,NA,6.4,6.3,9.91,0,115,0.379999999999999,8,0.96,"E. Thames",13,1.85,3.42105263157895
"Steve Pearce","1B","2B","TOR","@BAL","R",7,3800,7.03,1.16,0,NA,7.9,6.97,7.3,7.6,4.74,7.64,0,123,0.559999999999999,8.5,0.97,"S. Pearce",11,1.85,2.89473684210526
"Shin-Soo Choo","OF","","TEX","CLE","L",3,4200,7.02,0.91,0,NA,NA,7.11,7,6.5,6.04,8.47,0,105,0.18,7.5,NA,"S. Choo",3,1.67142857142857,0.714285714285714
"Mike Napoli","1B","","TEX","CLE","R",4,3900,7,0.99,0,NA,8.22,6.74,6.4,7.7,5.5,7.45,0,105,0.18,7.5,0.94,"M. Napoli",4,1.79487179487179,1.02564102564103
"Ender Inciarte","OF","","ATL","@NYM","L",1,3400,6.98,1.29,0,NA,8.88,6.77,NA,7.2,5.28,6.75,0,166,1.06,7,1.06,"E. Inciarte",0,2.05294117647059,0
"Yasiel Puig","OF","","LAD","SDP","R",8,4000,6.94,0.64,0,NA,8.03,7.07,6.2,6.7,6.48,7.13,0,-344,-2.34,6.5,1.04,"Y. Puig",11,1.735,2.75
"Matt Kemp","OF","","ATL","@NYM","R",4,3500,6.94,1.25,0,NA,8.78,6.73,NA,7.3,5.34,6.56,0,166,1.06,7,1.06,"M. Kemp",5,1.98285714285714,1.42857142857143
"Justin Bour","1B","","MIA","@WAS","L",5,3200,6.92,1.19,0,NA,8.44,6.78,NA,7.1,5.11,7.18,0,183,1.46,8,1,"J. Bour",0,2.1625,0
"Brian McCann","C","","HOU","SEA","L",8,3300,6.91,0.81,0,NA,7.59,6.47,6.5,7.8,5.72,7.37,0,-144,-0.76,8.5,1,"B. McCann",0,2.09393939393939,0
"Domingo Santana","OF","","MIL","COL","R",5,3800,6.87,0.69,0,NA,7.65,7,NA,6.7,5.79,7.2,0,115,0.379999999999999,8,0.96,"D. Santana",9,1.80789473684211,2.36842105263158
"Zack Cozart","SS","","CIN","PHI","R",7,3400,6.86,0.58,0,NA,7.73,6.33,7.2,7,6.14,6.74,0,-115,-0.199999999999999,8.5,0.98,"Z. Cozart",5,2.01764705882353,1.47058823529412
"Travis Shaw","1B","3B","MIL","COL","L",4,3500,6.85,0.83,0,NA,7.14,6.83,NA,7,5.51,7.79,0,115,0.379999999999999,8,0.96,"T. Shaw",12,1.95714285714286,3.42857142857143
"Melky Cabrera","OF","","CHW","DET","S",3,3900,6.85,1.19,0,NA,8.81,6.86,5.9,7.4,5.44,6.7,0,114,0.32,7,0.98,"M. Cabrera",NA,1.75641025641026,NA
"Mark Reynolds","1B","3B","COL","@MIL","R",7,3100,6.85,1.11,0,NA,8.15,6.62,NA,7.6,5.25,6.65,0,-125,-0.380000000000001,8,0.96,"M. Reynolds",27,2.20967741935484,8.70967741935484
"Stephen Vogt","1B","C","OAK","LAA","L",2,3100,6.83,0.7,0,NA,7.81,6.73,5.9,6.9,6.27,7.37,0,101,0.120000000000001,8,1.03,"S. Vogt",17,2.20322580645161,5.48387096774194
"Mitch Haniger","OF","","SEA","@HOU","R",2,3500,6.79,1.68,0,NA,4.24,7.57,9.2,6.7,5.77,7.26,0,134,0.76,8.5,1,"M. Haniger",2,1.94,0.571428571428571
"Jarrod Dyson","OF","","SEA","@HOU","L",9,3000,6.79,1.32,0,NA,8.98,6.76,5.5,6.9,5.36,7.26,0,134,0.76,8.5,1,"J. Dyson",0,2.26333333333333,0
"Jonathan Schoop","2B","3B","BAL","TOR","R",8,3900,6.78,0.78,0,NA,8.04,6.67,6.1,6.6,5.97,7.3,0,-133,-0.56,8.5,0.97,"J. Schoop",0,1.73846153846154,0
"Matt Joyce","OF","","OAK","LAA","L",6,2400,6.78,0.61,0,NA,6.64,6.58,6.8,7.7,5.86,7.12,0,101,0.120000000000001,8,1.03,"M. Joyce",2,2.825,0.833333333333333
"Stephen Drew","2B","SS","WAS","MIA","L",7,2800,6.77,1.03,0,NA,7.16,6.94,NA,8,5.2,6.56,0,-197,-1.46,8,1,"S. Drew",0,2.41785714285714,0
"Tyler Saladino","3B","SS","CHW","DET","R",1,3400,6.77,1.56,0,NA,7.86,7.15,7.7,7,3.65,7.26,0,114,0.32,7,0.98,"T. Saladino",NA,1.99117647058824,NA
"Freddy Galvis","3B","SS","PHI","@CIN","S",8,3500,6.76,0.65,0,NA,7.93,6.43,6.8,6.9,5.99,6.53,0,105,0.199999999999999,8.5,0.98,"F. Galvis",21,1.93142857142857,6
"Wil Myers","1B","OF","SDP","@LAD","R",2,3800,6.74,1.36,0,NA,8.48,5.91,7.6,7.6,4.92,5.92,0,304,2.34,6.5,1.04,"W. Myers",2,1.77368421052632,0.526315789473684
"J.T. Realmuto","C","","MIA","@WAS","R",2,3500,6.71,1.46,0,NA,7.95,7.09,NA,7.4,4.2,6.89,0,183,1.46,8,1,"J. Realmuto",10,1.91714285714286,2.85714285714286
"Marcus Semien","3B","SS","OAK","LAA","R",5,3300,6.7,0.63,0,NA,7.59,6.72,6.4,6.9,5.69,6.91,0,101,0.120000000000001,8,1.03,"M. Semien",4,2.03030303030303,1.21212121212121
"Jorge Polanco","2B","3B","MIN","KCR","S",7,3300,6.68,0.77,0,NA,7.91,5.87,6.6,6.8,5.87,7.03,0,-105,-0.0999999999999996,8,0.99,"J. Polanco",12,2.02424242424242,3.63636363636364
"Trevor Plouffe","3B","","OAK","LAA","R",7,3400,6.66,0.79,0,NA,8.03,6.21,6.5,6.7,5.66,6.86,0,101,0.120000000000001,8,1.03,"T. Plouffe",5,1.95882352941176,1.47058823529412
"Cameron Rupp","C","","PHI","@CIN","R",7,3300,6.66,0.93,0,NA,7.88,6.81,6,7.1,5.23,6.97,0,105,0.199999999999999,8.5,0.98,"C. Rupp",0,2.01818181818182,0
"Nomar Mazara","OF","","TEX","CLE","L",7,3800,6.64,1.38,0,NA,7.57,6.16,8,5.3,4.88,7.95,0,105,0.18,7.5,0.94,"N. Mazara",10,1.74736842105263,2.63157894736842
"Josh Harrison","2B","","PIT","@BOS","R",8,3800,6.61,1.03,0,NA,7.92,7.12,NA,6.1,5.2,6.69,0,141,0.879999999999999,8.5,0.95,"J. Harrison",7,1.73947368421053,1.84210526315789
"Elvis Andrus","SS","","TEX","CLE","R",8,3900,6.59,1.18,0,NA,8.45,6.35,6.4,6.6,4.77,6.98,0,105,0.18,7.5,0.94,"E. Andrus",13,1.68974358974359,3.33333333333333
"Matt Wieters","C","","WAS","MIA","S",8,3200,6.56,0.64,0,NA,7.5,6.6,NA,6.7,5.81,6.17,0,-197,-1.46,8,1,"M. Wieters",5,2.05,1.5625
"Joe Mauer","1B","","MIN","KCR","L",4,3600,6.54,1.03,0,NA,8.4,6.28,6.8,6.5,5.49,5.75,0,-105,-0.0999999999999996,8,0.99,"J. Mauer",6,1.81666666666667,1.66666666666667
"Lucas Duda","1B","","NYM","ATL","L",7,3400,6.48,0.91,0,NA,7.63,6.57,NA,5.4,5.77,7.01,0,-176,-1.06,7,1.06,"L. Duda",13,1.90588235294118,3.82352941176471
"Max Kepler","OF","","MIN","KCR","L",8,3700,6.43,1.18,0,NA,8.38,5.82,6.2,6.9,4.86,6.43,0,-105,-0.0999999999999996,8,0.99,"M. Kepler",5,1.73783783783784,1.35135135135135
"Hyun-Soo Kim","1B","OF","BAL","TOR","L",7,3400,6.4,0.73,0,NA,7.7,6.83,5.8,6.1,6.05,5.9,0,-133,-0.56,8.5,0.97,"H. Kim",0,1.88235294117647,0
"Josh Bell","OF","","PIT","@BOS","S",7,3400,6.38,0.94,0,NA,6.98,7.34,NA,6.1,4.91,6.58,0,141,0.879999999999999,8.5,0.95,"J. Bell",5,1.87647058823529,1.47058823529412
"Norichika Aoki","OF","","HOU","SEA","L",9,3400,6.35,1.04,0,NA,7.97,6.65,6.3,6.1,4.72,6.37,0,-144,-0.76,8.5,1,"N. Aoki",3,1.86764705882353,0.882352941176471
"Marcell Ozuna","OF","","MIA","@WAS","R",6,3600,6.34,0.71,0,NA,6.9,6.7,NA,6.6,5.11,6.38,0,183,1.46,8,1,"M. Ozuna",5,1.76111111111111,1.38888888888889
"Alcides Escobar","SS","","KCR","@MIN","R",8,3200,6.33,0.66,0,NA,7.55,6.09,6.5,6.2,5.73,5.89,0,-105,0.0999999999999996,8,0.99,"A. Escobar",0,1.978125,0
"Welington Castillo","C","","BAL","TOR","R",6,3700,6.32,1.04,0,NA,8.07,6.63,5,6,5.71,6.53,0,-133,-0.56,8.5,0.97,"W. Castillo",8,1.70810810810811,2.16216216216216
"Leonys Martin","OF","","SEA","@HOU","L",7,3200,6.32,0.86,0,NA,7.5,6,6.3,6.8,4.91,6.42,0,134,0.76,8.5,1,"L. Martin",0,1.975,0
"Kevin Pillar","OF","","TOR","@BAL","R",8,3800,6.31,0.59,0,NA,7.16,6.43,6.4,6.3,5.31,6.25,0,123,0.559999999999999,8.5,0.97,"K. Pillar",7,1.66052631578947,1.84210526315789
"Mike Zunino","C","","SEA","@HOU","R",8,2900,6.31,1.17,0,NA,7.59,6.05,7.1,6.5,4.19,6.43,0,134,0.76,8.5,1,"M. Zunino",0,2.17586206896552,0
"Sandy Leon","C","","BOS","PIT","S",9,2900,6.3,0.75,0,NA,7.28,6.22,NA,6.8,5.81,5.4,0,-151,-0.880000000000001,8.5,0.95,"S. Leon",8,2.17241379310345,2.75862068965517
NA,NA,NA,NA,NA,NA,NA,NA,NA,NA,NA,NA,NA,NA,NA,NA,NA,NA,NA,NA,NA,NA,NA,NA,NA,NA,NA
"David Freese","1B","3B","PIT","@BOS","R",5,3300,6.29,0.87,0,NA,6.49,7.02,NA,6.7,4.78,6.44,0,141,0.879999999999999,8.5,0.95,"D. Freese",8,1.90606060606061,2.42424242424242
"Brandon Phillips","2B","","ATL","@NYM","R",6,3100,6.28,1.46,0,NA,8.34,5.95,NA,6.8,4.34,5.95,0,166,1.06,7,1.06,"B. Phillips",3,2.0258064516129,0.967741935483871
"C.J. Cron","1B","","LAA","@OAK","R",5,3400,6.24,3.27,0,NA,9.67,7.42,0.2,6.5,5.61,8.04,0,-111,-0.119999999999999,8,1.03,"C. Cron",5,1.83529411764706,1.47058823529412
"Danny Espinosa","2B","SS","LAA","@OAK","S",6,2800,6.24,0.59,0,NA,6.83,6.33,6.7,6.3,5.16,6.14,0,-111,-0.119999999999999,8,1.03,"D. Espinosa",0,2.22857142857143,0
"Yulieski Gurriel","3B","","HOU","SEA","R",7,3200,6.17,0.79,0,NA,NA,7.24,5.9,6.1,5.11,6.52,0,-144,-0.76,8.5,NA,"Y. Gurriel",0,1.928125,0
"Pablo Sandoval","3B","","BOS","PIT","S",8,3700,6.15,0.68,0,NA,NA,7.1,NA,5.5,5.96,6.05,0,-151,-0.880000000000001,8.5,NA,"P. Sandoval",7,1.66216216216216,1.89189189189189
"Avisail Garcia","OF","","CHW","DET","R",7,3300,6.15,1.04,0,NA,7.66,6.05,5.9,6.8,4.55,5.94,0,114,0.32,7,0.98,"A. Garcia",NA,1.86363636363636,NA
"Eddie Rosario","OF","","MIN","KCR","L",9,3400,6.15,1.44,0,NA,8.41,5.53,NA,6,4.5,6.3,0,-105,-0.0999999999999996,8,0.99,"E. Rosario",3,1.80882352941176,0.882352941176471
"Nick Markakis","OF","","ATL","@NYM","L",5,3200,6.15,1.37,0,NA,8,5.77,NA,6.9,4.35,5.72,0,166,1.06,7,1.06,"N. Markakis",0,1.921875,0
"Andrelton Simmons","SS","","LAA","@OAK","R",8,2900,6.1,1.05,0,NA,7.44,6.52,5.6,6.6,4.35,6.12,0,-111,-0.119999999999999,8,1.03,"A. Simmons",5,2.10344827586207,1.72413793103448
"Derek Dietrich","2B","3B","MIA","@WAS","L",7,3100,6.07,0.9,0,NA,6.35,5.99,NA,7.1,4.64,6.28,0,183,1.46,8,1,"D. Dietrich",0,1.95806451612903,0
"Tony Wolters","C","","COL","@MIL","L",8,2900,6.06,0.87,0,NA,7.08,6.05,NA,6.5,4.72,5.95,0,-125,-0.380000000000001,8,0.96,"T. Wolters",10,2.08965517241379,3.44827586206897
"Orlando Arcia","SS","","MIL","COL","R",8,3400,6.05,1.07,0,NA,7.25,5.57,NA,6.1,4.52,6.81,0,115,0.379999999999999,8,0.96,"O. Arcia",7,1.77941176470588,2.05882352941176
"Adonis Garcia","3B","OF","ATL","@NYM","R",7,3000,6.05,1.59,0,NA,8.08,5.52,NA,7.1,3.94,5.6,0,166,1.06,7,1.06,"A. Garcia",0,2.01666666666667,0
"Dansby Swanson","SS","","ATL","@NYM","R",2,3000,6.03,0.74,0,NA,6.71,6.04,NA,5.8,4.91,6.7,0,166,1.06,7,1.06,"D. Swanson",3,2.01,1
"Yonder Alonso","1B","","OAK","LAA","L",8,2800,6.01,0.68,0,NA,7.26,5.84,5.3,5.8,5.66,6.21,0,101,0.120000000000001,8,1.03,"Y. Alonso",7,2.14642857142857,2.5
"James McCann","C","","DET","@CHW","R",7,2700,5.97,0.73,0,NA,6.78,5.76,5.4,5.4,5.48,7,0,-124,-0.32,7,0.98,"J. McCann",NA,2.21111111111111,NA
"Mikie Mahtook","OF","","DET","@CHW","R",6,2600,5.95,1.26,0,NA,6.07,6.39,7.5,5,3.99,6.72,0,-124,-0.32,7,0.98,"M. Mahtook",NA,2.28846153846154,NA
"Tucker Barnhart","C","","CIN","PHI","S",8,2700,5.89,0.87,0,NA,7.43,5.7,5.6,6,4.75,5.89,0,-115,-0.199999999999999,8.5,0.98,"T. Barnhart",5,2.18148148148148,1.85185185185185
"Cody Asche","OF","","CHW","DET","L",6,0,5.89,1.09,0,NA,NA,6.05,NA,6.9,4.73,NA,0,114,0.32,7,NA,"C. Asche",NA,Inf,NA
"Yangervis Solarte","2B","3B","SDP","@LAD","S",3,3100,5.88,1.43,0,NA,7.48,5.01,6.8,7.1,3.98,4.88,0,304,2.34,6.5,1.04,"Y. Solarte",5,1.89677419354839,1.61290322580645
"Ezequiel Carrera","OF","","TOR","@BAL","L",9,3200,5.8,0.97,0,NA,6.5,6.11,4.9,6.8,4.33,6.13,0,123,0.559999999999999,8.5,0.97,"E. Carrera",10,1.8125,3.125
"Jordy Mercer","SS","","PIT","@BOS","R",9,3300,5.74,0.88,0,NA,6.4,6.19,NA,6.4,4.39,5.31,0,141,0.879999999999999,8.5,0.95,"J. Mercer",5,1.73939393939394,1.51515151515152
"Ryan Schimpf","2B","3B","SDP","@LAD","L",5,3200,5.73,1.93,0,NA,8.21,4.32,7.1,6.8,3.19,4.76,0,304,2.34,6.5,1.04,"R. Schimpf",17,1.790625,5.3125
"Raul Mondesi","2B","SS","KCR","@MIN","S",9,2400,5.72,0.7,0,NA,6.31,6.37,NA,4.8,5.16,5.95,0,-105,0.0999999999999996,8,0.99,"R. Mondesi",0,2.38333333333333,0
"Manuel Margot","OF","","SDP","@LAD","R",1,3100,5.72,0.64,0,NA,5.31,5.85,6.1,6.5,4.67,5.88,0,304,2.34,6.5,1.04,"M. Margot",7,1.84516129032258,2.25806451612903
"Jed Lowrie","2B","","OAK","LAA","S",9,2700,5.71,0.47,0,NA,6.42,5.39,5.4,6.2,5.44,5.43,0,101,0.120000000000001,8,1.03,"J. Lowrie",8,2.11481481481481,2.96296296296296
"Francisco Cervelli","C","","PIT","@BOS","R",6,3300,5.67,0.94,0,NA,4.42,6.72,NA,6.1,4.96,6.13,0,141,0.879999999999999,8.5,0.95,"F. Cervelli",9,1.71818181818182,2.72727272727273
"Jose Iglesias","3B","SS","DET","@CHW","R",9,2500,5.62,0.72,0,NA,6.27,5.9,4.4,6.2,5.14,5.83,0,-124,-0.32,7,0.98,"J. Iglesias",NA,2.248,NA
"Jett Bandy","C","","MIL","COL","R",7,2700,5.6,0.91,0,NA,6.61,5.55,NA,4.9,4.52,6.41,0,115,0.379999999999999,8,0.96,"J. Bandy",5,2.07407407407407,1.85185185185185
NA,NA,NA,NA,NA,NA,NA,NA,NA,NA,NA,NA,NA,NA,NA,NA,NA,NA,NA,NA,NA,NA,NA,NA,NA,NA,NA
"JaCoby Jones","3B","SS","DET","@CHW","R",8,2700,5.59,0.97,0,NA,3.87,6.03,6.2,5.1,6.55,5.81,0,-124,-0.32,7,0.98,"J. Jones",NA,2.07037037037037,NA
"Yan Gomes","C","","CLE","@TEX","R",6,3200,5.58,0.97,0,NA,6.32,5.98,5.8,4.9,3.96,6.53,0,-115,-0.18,7.5,0.94,"Y. Gomes",0,1.74375,0
"Hunter Renfroe","OF","","SDP","@LAD","R",4,3000,5.54,1.14,0,NA,6.84,5.49,6,6.3,3.61,5.02,0,304,2.34,6.5,1.04,"H. Renfroe",0,1.84666666666667,0
"Tyler Flowers","C","","ATL","@NYM","R",8,2600,5.37,1.39,0,NA,7.27,4.8,NA,6.1,3.59,5.11,0,166,1.06,7,1.06,"T. Flowers",3,2.06538461538462,1.15384615384615
"Martin Maldonado","C","","LAA","@OAK","R",9,2200,5.3,0.94,0,NA,6.78,5.74,5.1,5.1,3.89,5.21,0,-111,-0.119999999999999,8,1.03,"M. Maldonado",0,2.40909090909091,0
"Jason Castro","C","","MIN","KCR","L",6,2800,5.28,0.92,0,NA,6.17,5.43,5.5,6,3.61,4.97,0,-105,-0.0999999999999996,8,0.99,"J. Castro",12,1.88571428571429,4.28571428571429
"J.J. Hardy","SS","","BAL","TOR","R",9,3100,5.25,1.12,0,NA,6.87,5.59,3.4,5.5,5.04,5.08,0,-133,-0.56,8.5,0.97,"J. Hardy",0,1.69354838709677,0
"Delino DeShields","OF","","TEX","CLE","R",1,3600,5.15,2.81,0,NA,4.37,7.5,0,7,5.04,6.98,0,105,0.18,7.5,0.94,"D. DeShields",NA,1.43055555555556,NA
"Jacob May","OF","","CHW","DET","S",9,NA,4.97,0.67,0,NA,NA,5.41,NA,5.3,4.19,NA,0,114,0.32,7,NA,"J. May",NA,NA,NA
NA,NA,NA,NA,NA,NA,NA,NA,NA,NA,NA,NA,NA,NA,NA,NA,NA,NA,NA,NA,NA,NA,NA,NA,NA,NA,NA
"Omar Narvaez","C","","CHW","DET","L",8,2500,4.82,0.52,0,NA,4.75,5.05,NA,5.6,4.29,4.43,0,114,0.32,7,0.98,"O. Narvaez",NA,1.928,NA
NA,NA,NA,NA,NA,NA,NA,NA,NA,NA,NA,NA,NA,NA,NA,NA,NA,NA,NA,NA,NA,NA,NA,NA,NA,NA,NA
"Travis Jankowski","OF","","SDP","@LAD","L",9,2700,4.75,1.31,0,NA,7.32,4.28,3.8,4.9,4.11,4.09,0,304,2.34,6.5,1.04,"T. Jankowski",5,1.75925925925926,1.85185185185185
"Adeiny Hechavarria","3B","SS","MIA","@WAS","R",8,2600,4.69,0.59,0,NA,5.01,5.39,NA,4.4,3.84,4.8,0,183,1.46,8,1,"A. Hechavarria",0,1.80384615384615,0
"Rene Rivera","C","","NYM","ATL","R",8,2200,4.66,0.67,0,NA,5.62,5.09,NA,4.1,4.15,4.35,0,-176,-1.06,7,1.06,"R. Rivera",3,2.11818181818182,1.36363636363636
"Jurickson Profar","2B","3B","TEX","CLE","S",NA,3400,4.59,2.16,0,NA,4.53,NA,7.4,NA,4.3,2.15,0,105,0.18,7.5,0.94,NA,0,1.35,0
"Joey Gallo","3B","OF","TEX","CLE","L",9,3700,4.54,2.77,0,NA,3.67,5.85,0,4.4,4.91,8.43,0,105,0.18,7.5,0.94,"J. Gallo",7,1.22702702702703,1.89189189189189
"Erick Aybar","SS","","SDP","@LAD","S",7,0,4.49,1.39,0,NA,NA,4.22,NA,6,3.25,NA,0,304,2.34,6.5,NA,"E. Aybar",0,Inf,NA
"Giovanny Urshela","3B","","CLE","@TEX","R",9,3100,4.37,1.59,0,NA,2.47,5.42,5.9,NA,3.67,NA,0,-115,-0.18,7.5,0.94,NA,NA,1.40967741935484,NA
NA,NA,NA,NA,NA,NA,NA,NA,NA,NA,NA,NA,NA,NA,NA,NA,NA,NA,NA,NA,NA,NA,NA,NA,NA,NA,NA
"Abraham Almonte","OF","","CLE","@TEX","S",8,3500,4.27,2.63,0,NA,5.82,6.35,0.2,6.6,4.74,1.9,0,-115,-0.18,7.5,0.94,"A. Almonte",18,1.22,5.14285714285714
"Austin Hedges","C","","SDP","@LAD","R",6,2400,4.13,0.76,0,NA,3.02,4.62,5,4.2,3.43,4.53,0,304,2.34,6.5,1.04,"A. Hedges",0,1.72083333333333,0
NA,NA,NA,NA,NA,NA,NA,NA,NA,NA,NA,NA,NA,NA,NA,NA,NA,NA,NA,NA,NA,NA,NA,NA,NA,NA,NA
"Ben Revere","OF","","LAA","@OAK","L",7,3000,3.89,2.71,0,NA,5.14,6.74,0.1,NA,5.37,2.1,0,-111,-0.119999999999999,8,1.03,NA,0,1.29666666666667,0
NA,NA,NA,NA,NA,NA,NA,NA,NA,NA,NA,NA,NA,NA,NA,NA,NA,NA,NA,NA,NA,NA,NA,NA,NA,NA,NA
NA,NA,NA,NA,NA,NA,NA,NA,NA,NA,NA,NA,NA,NA,NA,NA,NA,NA,NA,NA,NA,NA,NA,NA,NA,NA,NA
NA,NA,NA,NA,NA,NA,NA,NA,NA,NA,NA,NA,NA,NA,NA,NA,NA,NA,NA,NA,NA,NA,NA,NA,NA,NA,NA
NA,NA,NA,NA,NA,NA,NA,NA,NA,NA,NA,NA,NA,NA,NA,NA,NA,NA,NA,NA,NA,NA,NA,NA,NA,NA,NA
NA,NA,NA,NA,NA,NA,NA,NA,NA,NA,NA,NA,NA,NA,NA,NA,NA,NA,NA,NA,NA,NA,NA,NA,NA,NA,NA
NA,NA,NA,NA,NA,NA,NA,NA,NA,NA,NA,NA,NA,NA,NA,NA,NA,NA,NA,NA,NA,NA,NA,NA,NA,NA,NA
NA,NA,NA,NA,NA,NA,NA,NA,NA,NA,NA,NA,NA,NA,NA,NA,NA,NA,NA,NA,NA,NA,NA,NA,NA,NA,NA
NA,NA,NA,NA,NA,NA,NA,NA,NA,NA,NA,NA,NA,NA,NA,NA,NA,NA,NA,NA,NA,NA,NA,NA,NA,NA,NA
NA,NA,NA,NA,NA,NA,NA,NA,NA,NA,NA,NA,NA,NA,NA,NA,NA,NA,NA,NA,NA,NA,NA,NA,NA,NA,NA
NA,NA,NA,NA,NA,NA,NA,NA,NA,NA,NA,NA,NA,NA,NA,NA,NA,NA,NA,NA,NA,NA,NA,NA,NA,NA,NA
NA,NA,NA,NA,NA,NA,NA,NA,NA,NA,NA,NA,NA,NA,NA,NA,NA,NA,NA,NA,NA,NA,NA,NA,NA,NA,NA
NA,NA,NA,NA,NA,NA,NA,NA,NA,NA,NA,NA,NA,NA,NA,NA,NA,NA,NA,NA,NA,NA,NA,NA,NA,NA,NA
NA,NA,NA,NA,NA,NA,NA,NA,NA,NA,NA,NA,NA,NA,NA,NA,NA,NA,NA,NA,NA,NA,NA,NA,NA,NA,NA
NA,NA,NA,NA,NA,NA,NA,NA,NA,NA,NA,NA,NA,NA,NA,NA,NA,NA,NA,NA,NA,NA,NA,NA,NA,NA,NA
"Adrian Beltre","3B","","TEX","CLE","R",NA,4200,2.77,2.86,0,NA,NA,NA,0,NA,5.72,2.59,0,105,0.18,7.5,NA,NA,NA,0.65952380952381,NA
NA,NA,NA,NA,NA,NA,NA,NA,NA,NA,NA,NA,NA,NA,NA,NA,NA,NA,NA,NA,NA,NA,NA,NA,NA,NA,NA
NA,NA,NA,NA,NA,NA,NA,NA,NA,NA,NA,NA,NA,NA,NA,NA,NA,NA,NA,NA,NA,NA,NA,NA,NA,NA,NA
NA,NA,NA,NA,NA,NA,NA,NA,NA,NA,NA,NA,NA,NA,NA,NA,NA,NA,NA,NA,NA,NA,NA,NA,NA,NA,NA
NA,NA,NA,NA,NA,NA,NA,NA,NA,NA,NA,NA,NA,NA,NA,NA,NA,NA,NA,NA,NA,NA,NA,NA,NA,NA,NA
NA,NA,NA,NA,NA,NA,NA,NA,NA,NA,NA,NA,NA,NA,NA,NA,NA,NA,NA,NA,NA,NA,NA,NA,NA,NA,NA
NA,NA,NA,NA,NA,NA,NA,NA,NA,NA,NA,NA,NA,NA,NA,NA,NA,NA,NA,NA,NA,NA,NA,NA,NA,NA,NA
NA,NA,NA,NA,NA,NA,NA,NA,NA,NA,NA,NA,NA,NA,NA,NA,NA,NA,NA,NA,NA,NA,NA,NA,NA,NA,NA
NA,NA,NA,NA,NA,NA,NA,NA,NA,NA,NA,NA,NA,NA,NA,NA,NA,NA,NA,NA,NA,NA,NA,NA,NA,NA,NA
NA,NA,NA,NA,NA,NA,NA,NA,NA,NA,NA,NA,NA,NA,NA,NA,NA,NA,NA,NA,NA,NA,NA,NA,NA,NA,NA
NA,NA,NA,NA,NA,NA,NA,NA,NA,NA,NA,NA,NA,NA,NA,NA,NA,NA,NA,NA,NA,NA,NA,NA,NA,NA,NA
NA,NA,NA,NA,NA,NA,NA,NA,NA,NA,NA,NA,NA,NA,NA,NA,NA,NA,NA,NA,NA,NA,NA,NA,NA,NA,NA
NA,NA,NA,NA,NA,NA,NA,NA,NA,NA,NA,NA,NA,NA,NA,NA,NA,NA,NA,NA,NA,NA,NA,NA,NA,NA,NA
"Lonnie Chisenhall","3B","OF","CLE","@TEX","L",NA,3500,2.44,2.66,0,NA,NA,NA,0,NA,5.28,2.05,0,-115,-0.18,7.5,NA,NA,NA,0.697142857142857,NA
NA,NA,NA,NA,NA,NA,NA,NA,NA,NA,NA,NA,NA,NA,NA,NA,NA,NA,NA,NA,NA,NA,NA,NA,NA,NA,NA
NA,NA,NA,NA,NA,NA,NA,NA,NA,NA,NA,NA,NA,NA,NA,NA,NA,NA,NA,NA,NA,NA,NA,NA,NA,NA,NA
NA,NA,NA,NA,NA,NA,NA,NA,NA,NA,NA,NA,NA,NA,NA,NA,NA,NA,NA,NA,NA,NA,NA,NA,NA,NA,NA
NA,NA,NA,NA,NA,NA,NA,NA,NA,NA,NA,NA,NA,NA,NA,NA,NA,NA,NA,NA,NA,NA,NA,NA,NA,NA,NA
NA,NA,NA,NA,NA,NA,NA,NA,NA,NA,NA,NA,NA,NA,NA,NA,NA,NA,NA,NA,NA,NA,NA,NA,NA,NA,NA
NA,NA,NA,NA,NA,NA,NA,NA,NA,NA,NA,NA,NA,NA,NA,NA,NA,NA,NA,NA,NA,NA,NA,NA,NA,NA,NA
NA,NA,NA,NA,NA,NA,NA,NA,NA,NA,NA,NA,NA,NA,NA,NA,NA,NA,NA,NA,NA,NA,NA,NA,NA,NA,NA
NA,NA,NA,NA,NA,NA,NA,NA,NA,NA,NA,NA,NA,NA,NA,NA,NA,NA,NA,NA,NA,NA,NA,NA,NA,NA,NA
NA,NA,NA,NA,NA,NA,NA,NA,NA,NA,NA,NA,NA,NA,NA,NA,NA,NA,NA,NA,NA,NA,NA,NA,NA,NA,NA
NA,NA,NA,NA,NA,NA,NA,NA,NA,NA,NA,NA,NA,NA,NA,NA,NA,NA,NA,NA,NA,NA,NA,NA,NA,NA,NA
NA,NA,NA,NA,NA,NA,NA,NA,NA,NA,NA,NA,NA,NA,NA,NA,NA,NA,NA,NA,NA,NA,NA,NA,NA,NA,NA
NA,NA,NA,NA,NA,NA,NA,NA,NA,NA,NA,NA,NA,NA,NA,NA,NA,NA,NA,NA,NA,NA,NA,NA,NA,NA,NA
NA,NA,NA,NA,NA,NA,NA,NA,NA,NA,NA,NA,NA,NA,NA,NA,NA,NA,NA,NA,NA,NA,NA,NA,NA,NA,NA
NA,NA,NA,NA,NA,NA,NA,NA,NA,NA,NA,NA,NA,NA,NA,NA,NA,NA,NA,NA,NA,NA,NA,NA,NA,NA,NA
NA,NA,NA,NA,NA,NA,NA,NA,NA,NA,NA,NA,NA,NA,NA,NA,NA,NA,NA,NA,NA,NA,NA,NA,NA,NA,NA
NA,NA,NA,NA,NA,NA,NA,NA,NA,NA,NA,NA,NA,NA,NA,NA,NA,NA,NA,NA,NA,NA,NA,NA,NA,NA,NA
NA,NA,NA,NA,NA,NA,NA,NA,NA,NA,NA,NA,NA,NA,NA,NA,NA,NA,NA,NA,NA,NA,NA,NA,NA,NA,NA
NA,NA,NA,NA,NA,NA,NA,NA,NA,NA,NA,NA,NA,NA,NA,NA,NA,NA,NA,NA,NA,NA,NA,NA,NA,NA,NA
NA,NA,NA,NA,NA,NA,NA,NA,NA,NA,NA,NA,NA,NA,NA,NA,NA,NA,NA,NA,NA,NA,NA,NA,NA,NA,NA
NA,NA,NA,NA,NA,NA,NA,NA,NA,NA,NA,NA,NA,NA,NA,NA,NA,NA,NA,NA,NA,NA,NA,NA,NA,NA,NA
NA,NA,NA,NA,NA,NA,NA,NA,NA,NA,NA,NA,NA,NA,NA,NA,NA,NA,NA,NA,NA,NA,NA,NA,NA,NA,NA
NA,NA,NA,NA,NA,NA,NA,NA,NA,NA,NA,NA,NA,NA,NA,NA,NA,NA,NA,NA,NA,NA,NA,NA,NA,NA,NA
NA,NA,NA,NA,NA,NA,NA,NA,NA,NA,NA,NA,NA,NA,NA,NA,NA,NA,NA,NA,NA,NA,NA,NA,NA,NA,NA
NA,NA,NA,NA,NA,NA,NA,NA,NA,NA,NA,NA,NA,NA,NA,NA,NA,NA,NA,NA,NA,NA,NA,NA,NA,NA,NA
NA,NA,NA,NA,NA,NA,NA,NA,NA,NA,NA,NA,NA,NA,NA,NA,NA,NA,NA,NA,NA,NA,NA,NA,NA,NA,NA
NA,NA,NA,NA,NA,NA,NA,NA,NA,NA,NA,NA,NA,NA,NA,NA,NA,NA,NA,NA,NA,NA,NA,NA,NA,NA,NA
NA,NA,NA,NA,NA,NA,NA,NA,NA,NA,NA,NA,NA,NA,NA,NA,NA,NA,NA,NA,NA,NA,NA,NA,NA,NA,NA
NA,NA,NA,NA,NA,NA,NA,NA,NA,NA,NA,NA,NA,NA,NA,NA,NA,NA,NA,NA,NA,NA,NA,NA,NA,NA,NA
NA,NA,NA,NA,NA,NA,NA,NA,NA,NA,NA,NA,NA,NA,NA,NA,NA,NA,NA,NA,NA,NA,NA,NA,NA,NA,NA
NA,NA,NA,NA,NA,NA,NA,NA,NA,NA,NA,NA,NA,NA,NA,NA,NA,NA,NA,NA,NA,NA,NA,NA,NA,NA,NA
NA,NA,NA,NA,NA,NA,NA,NA,NA,NA,NA,NA,NA,NA,NA,NA,NA,NA,NA,NA,NA,NA,NA,NA,NA,NA,NA
NA,NA,NA,NA,NA,NA,NA,NA,NA,NA,NA,NA,NA,NA,NA,NA,NA,NA,NA,NA,NA,NA,NA,NA,NA,NA,NA
NA,NA,NA,NA,NA,NA,NA,NA,NA,NA,NA,NA,NA,NA,NA,NA,NA,NA,NA,NA,NA,NA,NA,NA,NA,NA,NA
NA,NA,NA,NA,NA,NA,NA,NA,NA,NA,NA,NA,NA,NA,NA,NA,NA,NA,NA,NA,NA,NA,NA,NA,NA,NA,NA
NA,NA,NA,NA,NA,NA,NA,NA,NA,NA,NA,NA,NA,NA,NA,NA,NA,NA,NA,NA,NA,NA,NA,NA,NA,NA,NA
NA,NA,NA,NA,NA,NA,NA,NA,NA,NA,NA,NA,NA,NA,NA,NA,NA,NA,NA,NA,NA,NA,NA,NA,NA,NA,NA
NA,NA,NA,NA,NA,NA,NA,NA,NA,NA,NA,NA,NA,NA,NA,NA,NA,NA,NA,NA,NA,NA,NA,NA,NA,NA,NA
NA,NA,NA,NA,NA,NA,NA,NA,NA,NA,NA,NA,NA,NA,NA,NA,NA,NA,NA,NA,NA,NA,NA,NA,NA,NA,NA
NA,NA,NA,NA,NA,NA,NA,NA,NA,NA,NA,NA,NA,NA,NA,NA,NA,NA,NA,NA,NA,NA,NA,NA,NA,NA,NA
NA,NA,NA,NA,NA,NA,NA,NA,NA,NA,NA,NA,NA,NA,NA,NA,NA,NA,NA,NA,NA,NA,NA,NA,NA,NA,NA
NA,NA,NA,NA,NA,NA,NA,NA,NA,NA,NA,NA,NA,NA,NA,NA,NA,NA,NA,NA,NA,NA,NA,NA,NA,NA,NA
NA,NA,NA,NA,NA,NA,NA,NA,NA,NA,NA,NA,NA,NA,NA,NA,NA,NA,NA,NA,NA,NA,NA,NA,NA,NA,NA
NA,NA,NA,NA,NA,NA,NA,NA,NA,NA,NA,NA,NA,NA,NA,NA,NA,NA,NA,NA,NA,NA,NA,NA,NA,NA,NA
NA,NA,NA,NA,NA,NA,NA,NA,NA,NA,NA,NA,NA,NA,NA,NA,NA,NA,NA,NA,NA,NA,NA,NA,NA,NA,NA
NA,NA,NA,NA,NA,NA,NA,NA,NA,NA,NA,NA,NA,NA,NA,NA,NA,NA,NA,NA,NA,NA,NA,NA,NA,NA,NA
NA,NA,NA,NA,NA,NA,NA,NA,NA,NA,NA,NA,NA,NA,NA,NA,NA,NA,NA,NA,NA,NA,NA,NA,NA,NA,NA
NA,NA,NA,NA,NA,NA,NA,NA,NA,NA,NA,NA,NA,NA,NA,NA,NA,NA,NA,NA,NA,NA,NA,NA,NA,NA,NA
NA,NA,NA,NA,NA,NA,NA,NA,NA,NA,NA,NA,NA,NA,NA,NA,NA,NA,NA,NA,NA,NA,NA,NA,NA,NA,NA
NA,NA,NA,NA,NA,NA,NA,NA,NA,NA,NA,NA,NA,NA,NA,NA,NA,NA,NA,NA,NA,NA,NA,NA,NA,NA,NA
NA,NA,NA,NA,NA,NA,NA,NA,NA,NA,NA,NA,NA,NA,NA,NA,NA,NA,NA,NA,NA,NA,NA,NA,NA,NA,NA
NA,NA,NA,NA,NA,NA,NA,NA,NA,NA,NA,NA,NA,NA,NA,NA,NA,NA,NA,NA,NA,NA,NA,NA,NA,NA,NA
NA,NA,NA,NA,NA,NA,NA,NA,NA,NA,NA,NA,NA,NA,NA,NA,NA,NA,NA,NA,NA,NA,NA,NA,NA,NA,NA
NA,NA,NA,NA,NA,NA,NA,NA,NA,NA,NA,NA,NA,NA,NA,NA,NA,NA,NA,NA,NA,NA,NA,NA,NA,NA,NA
NA,NA,NA,NA,NA,NA,NA,NA,NA,NA,NA,NA,NA,NA,NA,NA,NA,NA,NA,NA,NA,NA,NA,NA,NA,NA,NA
NA,NA,NA,NA,NA,NA,NA,NA,NA,NA,NA,NA,NA,NA,NA,NA,NA,NA,NA,NA,NA,NA,NA,NA,NA,NA,NA
NA,NA,NA,NA,NA,NA,NA,NA,NA,NA,NA,NA,NA,NA,NA,NA,NA,NA,NA,NA,NA,NA,NA,NA,NA,NA,NA
NA,NA,NA,NA,NA,NA,NA,NA,NA,NA,NA,NA,NA,NA,NA,NA,NA,NA,NA,NA,NA,NA,NA,NA,NA,NA,NA
NA,NA,NA,NA,NA,NA,NA,NA,NA,NA,NA,NA,NA,NA,NA,NA,NA,NA,NA,NA,NA,NA,NA,NA,NA,NA,NA
NA,NA,NA,NA,NA,NA,NA,NA,NA,NA,NA,NA,NA,NA,NA,NA,NA,NA,NA,NA,NA,NA,NA,NA,NA,NA,NA
NA,NA,NA,NA,NA,NA,NA,NA,NA,NA,NA,NA,NA,NA,NA,NA,NA,NA,NA,NA,NA,NA,NA,NA,NA,NA,NA
NA,NA,NA,NA,NA,NA,NA,NA,NA,NA,NA,NA,NA,NA,NA,NA,NA,NA,NA,NA,NA,NA,NA,NA,NA,NA,NA
NA,NA,NA,NA,NA,NA,NA,NA,NA,NA,NA,NA,NA,NA,NA,NA,NA,NA,NA,NA,NA,NA,NA,NA,NA,NA,NA
NA,NA,NA,NA,NA,NA,NA,NA,NA,NA,NA,NA,NA,NA,NA,NA,NA,NA,NA,NA,NA,NA,NA,NA,NA,NA,NA
NA,NA,NA,NA,NA,NA,NA,NA,NA,NA,NA,NA,NA,NA,NA,NA,NA,NA,NA,NA,NA,NA,NA,NA,NA,NA,NA
NA,NA,NA,NA,NA,NA,NA,NA,NA,NA,NA,NA,NA,NA,NA,NA,NA,NA,NA,NA,NA,NA,NA,NA,NA,NA,NA
NA,NA,NA,NA,NA,NA,NA,NA,NA,NA,NA,NA,NA,NA,NA,NA,NA,NA,NA,NA,NA,NA,NA,NA,NA,NA,NA
NA,NA,NA,NA,NA,NA,NA,NA,NA,NA,NA,NA,NA,NA,NA,NA,NA,NA,NA,NA,NA,NA,NA,NA,NA,NA,NA
NA,NA,NA,NA,NA,NA,NA,NA,NA,NA,NA,NA,NA,NA,NA,NA,NA,NA,NA,NA,NA,NA,NA,NA,NA,NA,NA
NA,NA,NA,NA,NA,NA,NA,NA,NA,NA,NA,NA,NA,NA,NA,NA,NA,NA,NA,NA,NA,NA,NA,NA,NA,NA,NA
NA,NA,NA,NA,NA,NA,NA,NA,NA,NA,NA,NA,NA,NA,NA,NA,NA,NA,NA,NA,NA,NA,NA,NA,NA,NA,NA
NA,NA,NA,NA,NA,NA,NA,NA,NA,NA,NA,NA,NA,NA,NA,NA,NA,NA,NA,NA,NA,NA,NA,NA,NA,NA,NA
NA,NA,NA,NA,NA,NA,NA,NA,NA,NA,NA,NA,NA,NA,NA,NA,NA,NA,NA,NA,NA,NA,NA,NA,NA,NA,NA
NA,NA,NA,NA,NA,NA,NA,NA,NA,NA,NA,NA,NA,NA,NA,NA,NA,NA,NA,NA,NA,NA,NA,NA,NA,NA,NA
NA,NA,NA,NA,NA,NA,NA,NA,NA,NA,NA,NA,NA,NA,NA,NA,NA,NA,NA,NA,NA,NA,NA,NA,NA,NA,NA
NA,NA,NA,NA,NA,NA,NA,NA,NA,NA,NA,NA,NA,NA,NA,NA,NA,NA,NA,NA,NA,NA,NA,NA,NA,NA,NA
NA,NA,NA,NA,NA,NA,NA,NA,NA,NA,NA,NA,NA,NA,NA,NA,NA,NA,NA,NA,NA,NA,NA,NA,NA,NA,NA
NA,NA,NA,NA,NA,NA,NA,NA,NA,NA,NA,NA,NA,NA,NA,NA,NA,NA,NA,NA,NA,NA,NA,NA,NA,NA,NA
NA,NA,NA,NA,NA,NA,NA,NA,NA,NA,NA,NA,NA,NA,NA,NA,NA,NA,NA,NA,NA,NA,NA,NA,NA,NA,NA
NA,NA,NA,NA,NA,NA,NA,NA,NA,NA,NA,NA,NA,NA,NA,NA,NA,NA,NA,NA,NA,NA,NA,NA,NA,NA,NA
NA,NA,NA,NA,NA,NA,NA,NA,NA,NA,NA,NA,NA,NA,NA,NA,NA,NA,NA,NA,NA,NA,NA,NA,NA,NA,NA
NA,NA,NA,NA,NA,NA,NA,NA,NA,NA,NA,NA,NA,NA,NA,NA,NA,NA,NA,NA,NA,NA,NA,NA,NA,NA,NA
NA,NA,NA,NA,NA,NA,NA,NA,NA,NA,NA,NA,NA,NA,NA,NA,NA,NA,NA,NA,NA,NA,NA,NA,NA,NA,NA
NA,NA,NA,NA,NA,NA,NA,NA,NA,NA,NA,NA,NA,NA,NA,NA,NA,NA,NA,NA,NA,NA,NA,NA,NA,NA,NA
NA,NA,NA,NA,NA,NA,NA,NA,NA,NA,NA,NA,NA,NA,NA,NA,NA,NA,NA,NA,NA,NA,NA,NA,NA,NA,NA
NA,NA,NA,NA,NA,NA,NA,NA,NA,NA,NA,NA,NA,NA,NA,NA,NA,NA,NA,NA,NA,NA,NA,NA,NA,NA,NA
NA,NA,NA,NA,NA,NA,NA,NA,NA,NA,NA,NA,NA,NA,NA,NA,NA,NA,NA,NA,NA,NA,NA,NA,NA,NA,NA
NA,NA,NA,NA,NA,NA,NA,NA,NA,NA,NA,NA,NA,NA,NA,NA,NA,NA,NA,NA,NA,NA,NA,NA,NA,NA,NA
NA,NA,NA,NA,NA,NA,NA,NA,NA,NA,NA,NA,NA,NA,NA,NA,NA,NA,NA,NA,NA,NA,NA,NA,NA,NA,NA
NA,NA,NA,NA,NA,NA,NA,NA,NA,NA,NA,NA,NA,NA,NA,NA,NA,NA,NA,NA,NA,NA,NA,NA,NA,NA,NA
NA,NA,NA,NA,NA,NA,NA,NA,NA,NA,NA,NA,NA,NA,NA,NA,NA,NA,NA,NA,NA,NA,NA,NA,NA,NA,NA
NA,NA,NA,NA,NA,NA,NA,NA,NA,NA,NA,NA,NA,NA,NA,NA,NA,NA,NA,NA,NA,NA,NA,NA,NA,NA,NA
NA,NA,NA,NA,NA,NA,NA,NA,NA,NA,NA,NA,NA,NA,NA,NA,NA,NA,NA,NA,NA,NA,NA,NA,NA,NA,NA
NA,NA,NA,NA,NA,NA,NA,NA,NA,NA,NA,NA,NA,NA,NA,NA,NA,NA,NA,NA,NA,NA,NA,NA,NA,NA,NA
NA,NA,NA,NA,NA,NA,NA,NA,NA,NA,NA,NA,NA,NA,NA,NA,NA,NA,NA,NA,NA,NA,NA,NA,NA,NA,NA
NA,NA,NA,NA,NA,NA,NA,NA,NA,NA,NA,NA,NA,NA,NA,NA,NA,NA,NA,NA,NA,NA,NA,NA,NA,NA,NA
NA,NA,NA,NA,NA,NA,NA,NA,NA,NA,NA,NA,NA,NA,NA,NA,NA,NA,NA,NA,NA,NA,NA,NA,NA,NA,NA
NA,NA,NA,NA,NA,NA,NA,NA,NA,NA,NA,NA,NA,NA,NA,NA,NA,NA,NA,NA,NA,NA,NA,NA,NA,NA,NA
NA,NA,NA,NA,NA,NA,NA,NA,NA,NA,NA,NA,NA,NA,NA,NA,NA,NA,NA,NA,NA,NA,NA,NA,NA,NA,NA
NA,NA,NA,NA,NA,NA,NA,NA,NA,NA,NA,NA,NA,NA,NA,NA,NA,NA,NA,NA,NA,NA,NA,NA,NA,NA,NA
NA,NA,NA,NA,NA,NA,NA,NA,NA,NA,NA,NA,NA,NA,NA,NA,NA,NA,NA,NA,NA,NA,NA,NA,NA,NA,NA
NA,NA,NA,NA,NA,NA,NA,NA,NA,NA,NA,NA,NA,NA,NA,NA,NA,NA,NA,NA,NA,NA,NA,NA,NA,NA,NA
NA,NA,NA,NA,NA,NA,NA,NA,NA,NA,NA,NA,NA,NA,NA,NA,NA,NA,NA,NA,NA,NA,NA,NA,NA,NA,NA
NA,NA,NA,NA,NA,NA,NA,NA,NA,NA,NA,NA,NA,NA,NA,NA,NA,NA,NA,NA,NA,NA,NA,NA,NA,NA,NA
NA,NA,NA,NA,NA,NA,NA,NA,NA,NA,NA,NA,NA,NA,NA,NA,NA,NA,NA,NA,NA,NA,NA,NA,NA,NA,NA
NA,NA,NA,NA,NA,NA,NA,NA,NA,NA,NA,NA,NA,NA,NA,NA,NA,NA,NA,NA,NA,NA,NA,NA,NA,NA,NA
NA,NA,NA,NA,NA,NA,NA,NA,NA,NA,NA,NA,NA,NA,NA,NA,NA,NA,NA,NA,NA,NA,NA,NA,NA,NA,NA
NA,NA,NA,NA,NA,NA,NA,NA,NA,NA,NA,NA,NA,NA,NA,NA,NA,NA,NA,NA,NA,NA,NA,NA,NA,NA,NA
NA,NA,NA,NA,NA,NA,NA,NA,NA,NA,NA,NA,NA,NA,NA,NA,NA,NA,NA,NA,NA,NA,NA,NA,NA,NA,NA
NA,NA,NA,NA,NA,NA,NA,NA,NA,NA,NA,NA,NA,NA,NA,NA,NA,NA,NA,NA,NA,NA,NA,NA,NA,NA,NA
NA,NA,NA,NA,NA,NA,NA,NA,NA,NA,NA,NA,NA,NA,NA,NA,NA,NA,NA,NA,NA,NA,NA,NA,NA,NA,NA
NA,NA,NA,NA,NA,NA,NA,NA,NA,NA,NA,NA,NA,NA,NA,NA,NA,NA,NA,NA,NA,NA,NA,NA,NA,NA,NA
"Clayton Kershaw","P","","LAD","SDP","L",NA,12800,29.12,3.48,0,NA,30.52,30.16,27.8,23.4,33.93,28.93,0,-344,-2.34,6.5,0.96,"C. Kershaw",32.55,2.275,2.54296875
"Noah Syndergaard","P","","NYM","ATL","R",NA,11600,24.69,3.65,0,NA,28.75,24.14,NA,20.3,28.04,22.22,0,-176,-1.06,7,0.94,"N. Syndergaard",24.5,2.12844827586207,2.11206896551724
"Stephen Strasburg","P","","WAS","MIA","R",NA,9900,22.4,3.39,0,NA,26.88,20.47,NA,19.9,25.21,19.55,0,-197,-1.46,8,1,"S. Strasburg",18.15,2.26262626262626,1.83333333333333
"Justin Verlander","P","","DET","@CHW","R",NA,10200,22.35,3.37,0,NA,27.2,19.69,23.6,18,24.41,21.19,0,-124,-0.32,7,1.02,"J. Verlander",NA,2.19117647058824,NA
"Corey Kluber","P","","CLE","@TEX","R",NA,10100,21.56,3.43,0,NA,26.43,18.33,22.6,16.9,22.75,22.35,0,-115,-0.18,7.5,1.06,"C. Kluber",10.1,2.13465346534653,1
"Yu Darvish","P","","TEX","CLE","R",NA,9000,20.46,3.93,0,NA,26.48,16.68,20.4,17.1,23.75,18.35,0,105,0.18,7.5,1.06,"Y. Darvish",8.84925,2.27333333333333,0.98325
"Jon Gray","P","","COL","@MIL","R",NA,7800,19.47,3.64,0,NA,25.05,19.58,NA,15,19.6,18.12,0,-125,-0.380000000000001,8,1.04,"J. Gray",8.2,2.49615384615385,1.05128205128205
"Danny Duffy","P","","KCR","@MIN","L",NA,8600,19.28,2.63,0,NA,23.41,17.38,19,15.8,20.52,19.57,0,-105,0.0999999999999996,8,1.01,"D. Duffy",23.9,2.24186046511628,2.77906976744186
"Rick Porcello","P","","BOS","PIT","R",NA,8800,18.83,4.41,0,NA,23.66,13.51,NA,18.2,22.92,15.85,0,-151,-0.880000000000001,8.5,1.05,"R. Porcello",18.04925,2.13977272727273,2.05105113636364
"Jose Quintana","P","","CHW","DET","L",NA,8500,18.37,2.08,0,NA,22.38,16.45,18.1,17.8,17.15,18.33,0,114,0.32,7,1.02,"J. Quintana",NA,2.16117647058824,NA
"Dallas Keuchel","P","","HOU","SEA","L",NA,8700,18.1,3.45,0,NA,23.53,17.51,18.5,12.9,19.2,16.94,0,-144,-0.76,8.5,1,"D. Keuchel",24.75,2.08045977011494,2.8448275862069
"Julio Teheran","P","","ATL","@NYM","R",NA,8300,17.98,3.16,0,NA,23,15.25,NA,15.6,18.93,17.13,0,166,1.06,7,0.94,"J. Teheran",21.3,2.16626506024096,2.56626506024096
"Kevin Gausman","P","","BAL","TOR","R",NA,6600,17.32,3,0,NA,23.3,16.6,17,15.3,15.42,16.29,0,-133,-0.56,8.5,1.03,"K. Gausman",10.59925,2.62424242424242,1.60594696969697
"Marco Estrada","P","","TOR","@BAL","R",NA,7000,16.8,3.35,0,NA,21.93,13.1,16.7,13.4,18.93,16.74,0,123,0.559999999999999,8.5,1.03,"M. Estrada",13.3,2.4,1.9
"Junior Guerra","P","","MIL","COL","R",NA,6400,16.58,3.54,0,NA,22.6,15.45,NA,14.7,16.58,13.59,0,115,0.379999999999999,8,1.04,"J. Guerra",9.55,2.590625,1.4921875
"Ervin Santana","P","","MIN","KCR","R",NA,7100,16,3.46,0,NA,23.01,14.83,13.9,14.5,14.47,15.32,0,-105,-0.0999999999999996,8,1.01,"E. Santana",21.35,2.25352112676056,3.00704225352113
"Felix Hernandez","P","","SEA","@HOU","R",NA,8200,15.85,4.24,0,NA,21.11,9.82,16.9,12.4,19.41,15.46,0,134,0.76,8.5,1,"F. Hernandez",16.25,1.93292682926829,1.98170731707317
"Jeremy Hellickson","P","","PHI","@CIN","R",NA,6700,15.31,3.25,0,NA,20.89,13.77,15.8,11,15.62,14.8,0,105,0.199999999999999,8.5,1.02,"J. Hellickson",10.45,2.28507462686567,1.55970149253731
"Ricky Nolasco","P","","LAA","@OAK","R",NA,7000,15.16,3.75,0,NA,22.52,12.45,14.7,13.4,12.78,15.11,0,-111,-0.119999999999999,8,0.97,"R. Nolasco",9.35075,2.16571428571429,1.33582142857143
"Gerrit Cole","P","","PIT","@BOS","R",NA,7400,13.39,3.41,0,NA,18.46,10.03,NA,10.5,13.48,14.47,0,141,0.879999999999999,8.5,1.05,"G. Cole",0.45,1.80945945945946,0.0608108108108108
"Scott Feldman","P","","CIN","PHI","R",NA,5300,12.74,2.26,0,NA,13.48,13.42,10.9,11.5,16.59,10.54,0,-115,-0.199999999999999,8.5,1.02,"S. Feldman",11.10075,2.40377358490566,2.09448113207547
"Kendall Graveman","P","","OAK","LAA","R",NA,5600,12.55,3.52,0,NA,19.37,10.53,10.9,10.6,13.34,10.54,0,101,0.120000000000001,8,0.97,"K. Graveman",22.7,2.24107142857143,4.05357142857143
"Edinson Volquez","P","","MIA","@WAS","R",NA,6500,11.38,2.71,0,NA,15.82,8.92,NA,10.1,10.11,11.95,0,183,1.46,8,1,"E. Volquez",20.25,1.75076923076923,3.11538461538462
"Jhoulys Chacin","P","","SDP","@LAD","R",NA,5300,10.75,6.15,0,NA,19.29,0.33,13.4,10.3,10.25,10.92,0,304,2.34,6.5,0.96,"J. Chacin",-13.10075,2.02830188679245,-2.47183962264151
NA,NA,NA,NA,NA,NA,NA,NA,NA,NA,NA,NA,NA,NA,NA,NA,NA,NA,NA,NA,NA,NA,NA,NA,NA,NA,NA
NA,NA,NA,NA,NA,NA,NA,NA,NA,NA,NA,NA,NA,NA,NA,NA,NA,NA,NA,NA,NA,NA,NA,NA,NA,NA,NA
NA,NA,NA,NA,NA,NA,NA,NA,NA,NA,NA,NA,NA,NA,NA,NA,NA,NA,NA,NA,NA,NA,NA,NA,NA,NA,NA
NA,NA,NA,NA,NA,NA,NA,NA,NA,NA,NA,NA,NA,NA,NA,NA,NA,NA,NA,NA,NA,NA,NA,NA,NA,NA,NA
NA,NA,NA,NA,NA,NA,NA,NA,NA,NA,NA,NA,NA,NA,NA,NA,NA,NA,NA,NA,NA,NA,NA,NA,NA,NA,NA
NA,NA,NA,NA,NA,NA,NA,NA,NA,NA,NA,NA,NA,NA,NA,NA,NA,NA,NA,NA,NA,NA,NA,NA,NA,NA,NA
NA,NA,NA,NA,NA,NA,NA,NA,NA,NA,NA,NA,NA,NA,NA,NA,NA,NA,NA,NA,NA,NA,NA,NA,NA,NA,NA
NA,NA,NA,NA,NA,NA,NA,NA,NA,NA,NA,NA,NA,NA,NA,NA,NA,NA,NA,NA,NA,NA,NA,NA,NA,NA,NA
NA,NA,NA,NA,NA,NA,NA,NA,NA,NA,NA,NA,NA,NA,NA,NA,NA,NA,NA,NA,NA,NA,NA,NA,NA,NA,NA
NA,NA,NA,NA,NA,NA,NA,NA,NA,NA,NA,NA,NA,NA,NA,NA,NA,NA,NA,NA,NA,NA,NA,NA,NA,NA,NA
NA,NA,NA,NA,NA,NA,NA,NA,NA,NA,NA,NA,NA,NA,NA,NA,NA,NA,NA,NA,NA,NA,NA,NA,NA,NA,NA
NA,NA,NA,NA,NA,NA,NA,NA,NA,NA,NA,NA,NA,NA,NA,NA,NA,NA,NA,NA,NA,NA,NA,NA,NA,NA,NA
NA,NA,NA,NA,NA,NA,NA,NA,NA,NA,NA,NA,NA,NA,NA,NA,NA,NA,NA,NA,NA,NA,NA,NA,NA,NA,NA
NA,NA,NA,NA,NA,NA,NA,NA,NA,NA,NA,NA,NA,NA,NA,NA,NA,NA,NA,NA,NA,NA,NA,NA,NA,NA,NA
NA,NA,NA,NA,NA,NA,NA,NA,NA,NA,NA,NA,NA,NA,NA,NA,NA,NA,NA,NA,NA,NA,NA,NA,NA,NA,NA
NA,NA,NA,NA,NA,NA,NA,NA,NA,NA,NA,NA,NA,NA,NA,NA,NA,NA,NA,NA,NA,NA,NA,NA,NA,NA,NA
NA,NA,NA,NA,NA,NA,NA,NA,NA,NA,NA,NA,NA,NA,NA,NA,NA,NA,NA,NA,NA,NA,NA,NA,NA,NA,NA
NA,NA,NA,NA,NA,NA,NA,NA,NA,NA,NA,NA,NA,NA,NA,NA,NA,NA,NA,NA,NA,NA,NA,NA,NA,NA,NA
NA,NA,NA,NA,NA,NA,NA,NA,NA,NA,NA,NA,NA,NA,NA,NA,NA,NA,NA,NA,NA,NA,NA,NA,NA,NA,NA
NA,NA,NA,NA,NA,NA,NA,NA,NA,NA,NA,NA,NA,NA,NA,NA,NA,NA,NA,NA,NA,NA,NA,NA,NA,NA,NA
NA,NA,NA,NA,NA,NA,NA,NA,NA,NA,NA,NA,NA,NA,NA,NA,NA,NA,NA,NA,NA,NA,NA,NA,NA,NA,NA
NA,NA,NA,NA,NA,NA,NA,NA,NA,NA,NA,NA,NA,NA,NA,NA,NA,NA,NA,NA,NA,NA,NA,NA,NA,NA,NA
NA,NA,NA,NA,NA,NA,NA,NA,NA,NA,NA,NA,NA,NA,NA,NA,NA,NA,NA,NA,NA,NA,NA,NA,NA,NA,NA
NA,NA,NA,NA,NA,NA,NA,NA,NA,NA,NA,NA,NA,NA,NA,NA,NA,NA,NA,NA,NA,NA,NA,NA,NA,NA,NA
NA,NA,NA,NA,NA,NA,NA,NA,NA,NA,NA,NA,NA,NA,NA,NA,NA,NA,NA,NA,NA,NA,NA,NA,NA,NA,NA
NA,NA,NA,NA,NA,NA,NA,NA,NA,NA,NA,NA,NA,NA,NA,NA,NA,NA,NA,NA,NA,NA,NA,NA,NA,NA,NA
NA,NA,NA,NA,NA,NA,NA,NA,NA,NA,NA,NA,NA,NA,NA,NA,NA,NA,NA,NA,NA,NA,NA,NA,NA,NA,NA
NA,NA,NA,NA,NA,NA,NA,NA,NA,NA,NA,NA,NA,NA,NA,NA,NA,NA,NA,NA,NA,NA,NA,NA,NA,NA,NA
NA,NA,NA,NA,NA,NA,NA,NA,NA,NA,NA,NA,NA,NA,NA,NA,NA,NA,NA,NA,NA,NA,NA,NA,NA,NA,NA
NA,NA,NA,NA,NA,NA,NA,NA,NA,NA,NA,NA,NA,NA,NA,NA,NA,NA,NA,NA,NA,NA,NA,NA,NA,NA,NA
NA,NA,NA,NA,NA,NA,NA,NA,NA,NA,NA,NA,NA,NA,NA,NA,NA,NA,NA,NA,NA,NA,NA,NA,NA,NA,NA
NA,NA,NA,NA,NA,NA,NA,NA,NA,NA,NA,NA,NA,NA,NA,NA,NA,NA,NA,NA,NA,NA,NA,NA,NA,NA,NA
NA,NA,NA,NA,NA,NA,NA,NA,NA,NA,NA,NA,NA,NA,NA,NA,NA,NA,NA,NA,NA,NA,NA,NA,NA,NA,NA
NA,NA,NA,NA,NA,NA,NA,NA,NA,NA,NA,NA,NA,NA,NA,NA,NA,NA,NA,NA,NA,NA,NA,NA,NA,NA,NA
NA,NA,NA,NA,NA,NA,NA,NA,NA,NA,NA,NA,NA,NA,NA,NA,NA,NA,NA,NA,NA,NA,NA,NA,NA,NA,NA
NA,NA,NA,NA,NA,NA,NA,NA,NA,NA,NA,NA,NA,NA,NA,NA,NA,NA,NA,NA,NA,NA,NA,NA,NA,NA,NA
NA,NA,NA,NA,NA,NA,NA,NA,NA,NA,NA,NA,NA,NA,NA,NA,NA,NA,NA,NA,NA,NA,NA,NA,NA,NA,NA
NA,NA,NA,NA,NA,NA,NA,NA,NA,NA,NA,NA,NA,NA,NA,NA,NA,NA,NA,NA,NA,NA,NA,NA,NA,NA,NA
NA,NA,NA,NA,NA,NA,NA,NA,NA,NA,NA,NA,NA,NA,NA,NA,NA,NA,NA,NA,NA,NA,NA,NA,NA,NA,NA
NA,NA,NA,NA,NA,NA,NA,NA,NA,NA,NA,NA,NA,NA,NA,NA,NA,NA,NA,NA,NA,NA,NA,NA,NA,NA,NA
NA,NA,NA,NA,NA,NA,NA,NA,NA,NA,NA,NA,NA,NA,NA,NA,NA,NA,NA,NA,NA,NA,NA,NA,NA,NA,NA
NA,NA,NA,NA,NA,NA,NA,NA,NA,NA,NA,NA,NA,NA,NA,NA,NA,NA,NA,NA,NA,NA,NA,NA,NA,NA,NA
NA,NA,NA,NA,NA,NA,NA,NA,NA,NA,NA,NA,NA,NA,NA,NA,NA,NA,NA,NA,NA,NA,NA,NA,NA,NA,NA
NA,NA,NA,NA,NA,NA,NA,NA,NA,NA,NA,NA,NA,NA,NA,NA,NA,NA,NA,NA,NA,NA,NA,NA,NA,NA,NA
NA,NA,NA,NA,NA,NA,NA,NA,NA,NA,NA,NA,NA,NA,NA,NA,NA,NA,NA,NA,NA,NA,NA,NA,NA,NA,NA
NA,NA,NA,NA,NA,NA,NA,NA,NA,NA,NA,NA,NA,NA,NA,NA,NA,NA,NA,NA,NA,NA,NA,NA,NA,NA,NA
NA,NA,NA,NA,NA,NA,NA,NA,NA,NA,NA,NA,NA,NA,NA,NA,NA,NA,NA,NA,NA,NA,NA,NA,NA,NA,NA
NA,NA,NA,NA,NA,NA,NA,NA,NA,NA,NA,NA,NA,NA,NA,NA,NA,NA,NA,NA,NA,NA,NA,NA,NA,NA,NA
NA,NA,NA,NA,NA,NA,NA,NA,NA,NA,NA,NA,NA,NA,NA,NA,NA,NA,NA,NA,NA,NA,NA,NA,NA,NA,NA
NA,NA,NA,NA,NA,NA,NA,NA,NA,NA,NA,NA,NA,NA,NA,NA,NA,NA,NA,NA,NA,NA,NA,NA,NA,NA,NA
NA,NA,NA,NA,NA,NA,NA,NA,NA,NA,NA,NA,NA,NA,NA,NA,NA,NA,NA,NA,NA,NA,NA,NA,NA,NA,NA
NA,NA,NA,NA,NA,NA,NA,NA,NA,NA,NA,NA,NA,NA,NA,NA,NA,NA,NA,NA,NA,NA,NA,NA,NA,NA,NA
NA,NA,NA,NA,NA,NA,NA,NA,NA,NA,NA,NA,NA,NA,NA,NA,NA,NA,NA,NA,NA,NA,NA,NA,NA,NA,NA
NA,NA,NA,NA,NA,NA,NA,NA,NA,NA,NA,NA,NA,NA,NA,NA,NA,NA,NA,NA,NA,NA,NA,NA,NA,NA,NA
NA,NA,NA,NA,NA,NA,NA,NA,NA,NA,NA,NA,NA,NA,NA,NA,NA,NA,NA,NA,NA,NA,NA,NA,NA,NA,NA
NA,NA,NA,NA,NA,NA,NA,NA,NA,NA,NA,NA,NA,NA,NA,NA,NA,NA,NA,NA,NA,NA,NA,NA,NA,NA,NA
NA,NA,NA,NA,NA,NA,NA,NA,NA,NA,NA,NA,NA,NA,NA,NA,NA,NA,NA,NA,NA,NA,NA,NA,NA,NA,NA
NA,NA,NA,NA,NA,NA,NA,NA,NA,NA,NA,NA,NA,NA,NA,NA,NA,NA,NA,NA,NA,NA,NA,NA,NA,NA,NA
NA,NA,NA,NA,NA,NA,NA,NA,NA,NA,NA,NA,NA,NA,NA,NA,NA,NA,NA,NA,NA,NA,NA,NA,NA,NA,NA
NA,NA,NA,NA,NA,NA,NA,NA,NA,NA,NA,NA,NA,NA,NA,NA,NA,NA,NA,NA,NA,NA,NA,NA,NA,NA,NA
NA,NA,NA,NA,NA,NA,NA,NA,NA,NA,NA,NA,NA,NA,NA,NA,NA,NA,NA,NA,NA,NA,NA,NA,NA,NA,NA
NA,NA,NA,NA,NA,NA,NA,NA,NA,NA,NA,NA,NA,NA,NA,NA,NA,NA,NA,NA,NA,NA,NA,NA,NA,NA,NA
NA,NA,NA,NA,NA,NA,NA,NA,NA,NA,NA,NA,NA,NA,NA,NA,NA,NA,NA,NA,NA,NA,NA,NA,NA,NA,NA
NA,NA,NA,NA,NA,NA,NA,NA,NA,NA,NA,NA,NA,NA,NA,NA,NA,NA,NA,NA,NA,NA,NA,NA,NA,NA,NA
NA,NA,NA,NA,NA,NA,NA,NA,NA,NA,NA,NA,NA,NA,NA,NA,NA,NA,NA,NA,NA,NA,NA,NA,NA,NA,NA
NA,NA,NA,NA,NA,NA,NA,NA,NA,NA,NA,NA,NA,NA,NA,NA,NA,NA,NA,NA,NA,NA,NA,NA,NA,NA,NA
NA,NA,NA,NA,NA,NA,NA,NA,NA,NA,NA,NA,NA,NA,NA,NA,NA,NA,NA,NA,NA,NA,NA,NA,NA,NA,NA
NA,NA,NA,NA,NA,NA,NA,NA,NA,NA,NA,NA,NA,NA,NA,NA,NA,NA,NA,NA,NA,NA,NA,NA,NA,NA,NA
NA,NA,NA,NA,NA,NA,NA,NA,NA,NA,NA,NA,NA,NA,NA,NA,NA,NA,NA,NA,NA,NA,NA,NA,NA,NA,NA
NA,NA,NA,NA,NA,NA,NA,NA,NA,NA,NA,NA,NA,NA,NA,NA,NA,NA,NA,NA,NA,NA,NA,NA,NA,NA,NA
NA,NA,NA,NA,NA,NA,NA,NA,NA,NA,NA,NA,NA,NA,NA,NA,NA,NA,NA,NA,NA,NA,NA,NA,NA,NA,NA
NA,NA,NA,NA,NA,NA,NA,NA,NA,NA,NA,NA,NA,NA,NA,NA,NA,NA,NA,NA,NA,NA,NA,NA,NA,NA,NA
NA,NA,NA,NA,NA,NA,NA,NA,NA,NA,NA,NA,NA,NA,NA,NA,NA,NA,NA,NA,NA,NA,NA,NA,NA,NA,NA
NA,NA,NA,NA,NA,NA,NA,NA,NA,NA,NA,NA,NA,NA,NA,NA,NA,NA,NA,NA,NA,NA,NA,NA,NA,NA,NA
NA,NA,NA,NA,NA,NA,NA,NA,NA,NA,NA,NA,NA,NA,NA,NA,NA,NA,NA,NA,NA,NA,NA,NA,NA,NA,NA
NA,NA,NA,NA,NA,NA,NA,NA,NA,NA,NA,NA,NA,NA,NA,NA,NA,NA,NA,NA,NA,NA,NA,NA,NA,NA,NA
NA,NA,NA,NA,NA,NA,NA,NA,NA,NA,NA,NA,NA,NA,NA,NA,NA,NA,NA,NA,NA,NA,NA,NA,NA,NA,NA
NA,NA,NA,NA,NA,NA,NA,NA,NA,NA,NA,NA,NA,NA,NA,NA,NA,NA,NA,NA,NA,NA,NA,NA,NA,NA,NA
NA,NA,NA,NA,NA,NA,NA,NA,NA,NA,NA,NA,NA,NA,NA,NA,NA,NA,NA,NA,NA,NA,NA,NA,NA,NA,NA
NA,NA,NA,NA,NA,NA,NA,NA,NA,NA,NA,NA,NA,NA,NA,NA,NA,NA,NA,NA,NA,NA,NA,NA,NA,NA,NA
NA,NA,NA,NA,NA,NA,NA,NA,NA,NA,NA,NA,NA,NA,NA,NA,NA,NA,NA,NA,NA,NA,NA,NA,NA,NA,NA
NA,NA,NA,NA,NA,NA,NA,NA,NA,NA,NA,NA,NA,NA,NA,NA,NA,NA,NA,NA,NA,NA,NA,NA,NA,NA,NA
NA,NA,NA,NA,NA,NA,NA,NA,NA,NA,NA,NA,NA,NA,NA,NA,NA,NA,NA,NA,NA,NA,NA,NA,NA,NA,NA
NA,NA,NA,NA,NA,NA,NA,NA,NA,NA,NA,NA,NA,NA,NA,NA,NA,NA,NA,NA,NA,NA,NA,NA,NA,NA,NA
NA,NA,NA,NA,NA,NA,NA,NA,NA,NA,NA,NA,NA,NA,NA,NA,NA,NA,NA,NA,NA,NA,NA,NA,NA,NA,NA
NA,NA,NA,NA,NA,NA,NA,NA,NA,NA,NA,NA,NA,NA,NA,NA,NA,NA,NA,NA,NA,NA,NA,NA,NA,NA,NA
NA,NA,NA,NA,NA,NA,NA,NA,NA,NA,NA,NA,NA,NA,NA,NA,NA,NA,NA,NA,NA,NA,NA,NA,NA,NA,NA
NA,NA,NA,NA,NA,NA,NA,NA,NA,NA,NA,NA,NA,NA,NA,NA,NA,NA,NA,NA,NA,NA,NA,NA,NA,NA,NA
NA,NA,NA,NA,NA,NA,NA,NA,NA,NA,NA,NA,NA,NA,NA,NA,NA,NA,NA,NA,NA,NA,NA,NA,NA,NA,NA
NA,NA,NA,NA,NA,NA,NA,NA,NA,NA,NA,NA,NA,NA,NA,NA,NA,NA,NA,NA,NA,NA,NA,NA,NA,NA,NA
NA,NA,NA,NA,NA,NA,NA,NA,NA,NA,NA,NA,NA,NA,NA,NA,NA,NA,NA,NA,NA,NA,NA,NA,NA,NA,NA
NA,NA,NA,NA,NA,NA,NA,NA,NA,NA,NA,NA,NA,NA,NA,NA,NA,NA,NA,NA,NA,NA,NA,NA,NA,NA,NA
NA,NA,NA,NA,NA,NA,NA,NA,NA,NA,NA,NA,NA,NA,NA,NA,NA,NA,NA,NA,NA,NA,NA,NA,NA,NA,NA
NA,NA,NA,NA,NA,NA,NA,NA,NA,NA,NA,NA,NA,NA,NA,NA,NA,NA,NA,NA,NA,NA,NA,NA,NA,NA,NA
NA,NA,NA,NA,NA,NA,NA,NA,NA,NA,NA,NA,NA,NA,NA,NA,NA,NA,NA,NA,NA,NA,NA,NA,NA,NA,NA
NA,NA,NA,NA,NA,NA,NA,NA,NA,NA,NA,NA,NA,NA,NA,NA,NA,NA,NA,NA,NA,NA,NA,NA,NA,NA,NA
NA,NA,NA,NA,NA,NA,NA,NA,NA,NA,NA,NA,NA,NA,NA,NA,NA,NA,NA,NA,NA,NA,NA,NA,NA,NA,NA
NA,NA,NA,NA,NA,NA,NA,NA,NA,NA,NA,NA,NA,NA,NA,NA,NA,NA,NA,NA,NA,NA,NA,NA,NA,NA,NA
NA,NA,NA,NA,NA,NA,NA,NA,NA,NA,NA,NA,NA,NA,NA,NA,NA,NA,NA,NA,NA,NA,NA,NA,NA,NA,NA
NA,NA,NA,NA,NA,NA,NA,NA,NA,NA,NA,NA,NA,NA,NA,NA,NA,NA,NA,NA,NA,NA,NA,NA,NA,NA,NA
NA,NA,NA,NA,NA,NA,NA,NA,NA,NA,NA,NA,NA,NA,NA,NA,NA,NA,NA,NA,NA,NA,NA,NA,NA,NA,NA
NA,NA,NA,NA,NA,NA,NA,NA,NA,NA,NA,NA,NA,NA,NA,NA,NA,NA,NA,NA,NA,NA,NA,NA,NA,NA,NA
NA,NA,NA,NA,NA,NA,NA,NA,NA,NA,NA,NA,NA,NA,NA,NA,NA,NA,NA,NA,NA,NA,NA,NA,NA,NA,NA
NA,NA,NA,NA,NA,NA,NA,NA,NA,NA,NA,NA,NA,NA,NA,NA,NA,NA,NA,NA,NA,NA,NA,NA,NA,NA,NA
NA,NA,NA,NA,NA,NA,NA,NA,NA,NA,NA,NA,NA,NA,NA,NA,NA,NA,NA,NA,NA,NA,NA,NA,NA,NA,NA
NA,NA,NA,NA,NA,NA,NA,NA,NA,NA,NA,NA,NA,NA,NA,NA,NA,NA,NA,NA,NA,NA,NA,NA,NA,NA,NA
NA,NA,NA,NA,NA,NA,NA,NA,NA,NA,NA,NA,NA,NA,NA,NA,NA,NA,NA,NA,NA,NA,NA,NA,NA,NA,NA
NA,NA,NA,NA,NA,NA,NA,NA,NA,NA,NA,NA,NA,NA,NA,NA,NA,NA,NA,NA,NA,NA,NA,NA,NA,NA,NA
NA,NA,NA,NA,NA,NA,NA,NA,NA,NA,NA,NA,NA,NA,NA,NA,NA,NA,NA,NA,NA,NA,NA,NA,NA,NA,NA
NA,NA,NA,NA,NA,NA,NA,NA,NA,NA,NA,NA,NA,NA,NA,NA,NA,NA,NA,NA,NA,NA,NA,NA,NA,NA,NA
NA,NA,NA,NA,NA,NA,NA,NA,NA,NA,NA,NA,NA,NA,NA,NA,NA,NA,NA,NA,NA,NA,NA,NA,NA,NA,NA
NA,NA,NA,NA,NA,NA,NA,NA,NA,NA,NA,NA,NA,NA,NA,NA,NA,NA,NA,NA,NA,NA,NA,NA,NA,NA,NA
NA,NA,NA,NA,NA,NA,NA,NA,NA,NA,NA,NA,NA,NA,NA,NA,NA,NA,NA,NA,NA,NA,NA,NA,NA,NA,NA
NA,NA,NA,NA,NA,NA,NA,NA,NA,NA,NA,NA,NA,NA,NA,NA,NA,NA,NA,NA,NA,NA,NA,NA,NA,NA,NA
NA,NA,NA,NA,NA,NA,NA,NA,NA,NA,NA,NA,NA,NA,NA,NA,NA,NA,NA,NA,NA,NA,NA,NA,NA,NA,NA
NA,NA,NA,NA,NA,NA,NA,NA,NA,NA,NA,NA,NA,NA,NA,NA,NA,NA,NA,NA,NA,NA,NA,NA,NA,NA,NA
NA,NA,NA,NA,NA,NA,NA,NA,NA,NA,NA,NA,NA,NA,NA,NA,NA,NA,NA,NA,NA,NA,NA,NA,NA,NA,NA
NA,NA,NA,NA,NA,NA,NA,NA,NA,NA,NA,NA,NA,NA,NA,NA,NA,NA,NA,NA,NA,NA,NA,NA,NA,NA,NA
NA,NA,NA,NA,NA,NA,NA,NA,NA,NA,NA,NA,NA,NA,NA,NA,NA,NA,NA,NA,NA,NA,NA,NA,NA,NA,NA
NA,NA,NA,NA,NA,NA,NA,NA,NA,NA,NA,NA,NA,NA,NA,NA,NA,NA,NA,NA,NA,NA,NA,NA,NA,NA,NA
NA,NA,NA,NA,NA,NA,NA,NA,NA,NA,NA,NA,NA,NA,NA,NA,NA,NA,NA,NA,NA,NA,NA,NA,NA,NA,NA
NA,NA,NA,NA,NA,NA,NA,NA,NA,NA,NA,NA,NA,NA,NA,NA,NA,NA,NA,NA,NA,NA,NA,NA,NA,NA,NA
NA,NA,NA,NA,NA,NA,NA,NA,NA,NA,NA,NA,NA,NA,NA,NA,NA,NA,NA,NA,NA,NA,NA,NA,NA,NA,NA
NA,NA,NA,NA,NA,NA,NA,NA,NA,NA,NA,NA,NA,NA,NA,NA,NA,NA,NA,NA,NA,NA,NA,NA,NA,NA,NA
NA,NA,NA,NA,NA,NA,NA,NA,NA,NA,NA,NA,NA,NA,NA,NA,NA,NA,NA,NA,NA,NA,NA,NA,NA,NA,NA
NA,NA,NA,NA,NA,NA,NA,NA,NA,NA,NA,NA,NA,NA,NA,NA,NA,NA,NA,NA,NA,NA,NA,NA,NA,NA,NA
NA,NA,NA,NA,NA,NA,NA,NA,NA,NA,NA,NA,NA,NA,NA,NA,NA,NA,NA,NA,NA,NA,NA,NA,NA,NA,NA
NA,NA,NA,NA,NA,NA,NA,NA,NA,NA,NA,NA,NA,NA,NA,NA,NA,NA,NA,NA,NA,NA,NA,NA,NA,NA,NA
NA,NA,NA,NA,NA,NA,NA,NA,NA,NA,NA,NA,NA,NA,NA,NA,NA,NA,NA,NA,NA,NA,NA,NA,NA,NA,NA
NA,NA,NA,NA,NA,NA,NA,NA,NA,NA,NA,NA,NA,NA,NA,NA,NA,NA,NA,NA,NA,NA,NA,NA,NA,NA,NA
NA,NA,NA,NA,NA,NA,NA,NA,NA,NA,NA,NA,NA,NA,NA,NA,NA,NA,NA,NA,NA,NA,NA,NA,NA,NA,NA
NA,NA,NA,NA,NA,NA,NA,NA,NA,NA,NA,NA,NA,NA,NA,NA,NA,NA,NA,NA,NA,NA,NA,NA,NA,NA,NA
NA,NA,NA,NA,NA,NA,NA,NA,NA,NA,NA,NA,NA,NA,NA,NA,NA,NA,NA,NA,NA,NA,NA,NA,NA,NA,NA
NA,NA,NA,NA,NA,NA,NA,NA,NA,NA,NA,NA,NA,NA,NA,NA,NA,NA,NA,NA,NA,NA,NA,NA,NA,NA,NA
NA,NA,NA,NA,NA,NA,NA,NA,NA,NA,NA,NA,NA,NA,NA,NA,NA,NA,NA,NA,NA,NA,NA,NA,NA,NA,NA
NA,NA,NA,NA,NA,NA,NA,NA,NA,NA,NA,NA,NA,NA,NA,NA,NA,NA,NA,NA,NA,NA,NA,NA,NA,NA,NA
NA,NA,NA,NA,NA,NA,NA,NA,NA,NA,NA,NA,NA,NA,NA,NA,NA,NA,NA,NA,NA,NA,NA,NA,NA,NA,NA
NA,NA,NA,NA,NA,NA,NA,NA,NA,NA,NA,NA,NA,NA,NA,NA,NA,NA,NA,NA,NA,NA,NA,NA,NA,NA,NA
NA,NA,NA,NA,NA,NA,NA,NA,NA,NA,NA,NA,NA,NA,NA,NA,NA,NA,NA,NA,NA,NA,NA,NA,NA,NA,NA
NA,NA,NA,NA,NA,NA,NA,NA,NA,NA,NA,NA,NA,NA,NA,NA,NA,NA,NA,NA,NA,NA,NA,NA,NA,NA,NA
NA,NA,NA,NA,NA,NA,NA,NA,NA,NA,NA,NA,NA,NA,NA,NA,NA,NA,NA,NA,NA,NA,NA,NA,NA,NA,NA
NA,NA,NA,NA,NA,NA,NA,NA,NA,NA,NA,NA,NA,NA,NA,NA,NA,NA,NA,NA,NA,NA,NA,NA,NA,NA,NA
NA,NA,NA,NA,NA,NA,NA,NA,NA,NA,NA,NA,NA,NA,NA,NA,NA,NA,NA,NA,NA,NA,NA,NA,NA,NA,NA
NA,NA,NA,NA,NA,NA,NA,NA,NA,NA,NA,NA,NA,NA,NA,NA,NA,NA,NA,NA,NA,NA,NA,NA,NA,NA,NA
NA,NA,NA,NA,NA,NA,NA,NA,NA,NA,NA,NA,NA,NA,NA,NA,NA,NA,NA,NA,NA,NA,NA,NA,NA,NA,NA
NA,NA,NA,NA,NA,NA,NA,NA,NA,NA,NA,NA,NA,NA,NA,NA,NA,NA,NA,NA,NA,NA,NA,NA,NA,NA,NA
