"Player","Pos","Team","Opp","Hand","Order","Salary","Projection","SE","DvP","DFC","FanGraphs","FantasyPros","lineupLab","numberFire","RotoGrinders","Rotowire","SwishAnalytics","DvPRank","Line","Spread","OU","ParkFactor","Label"
"Noah Syndergaard","P","NYM","MIA","R",NA,11100,40.2,3.2,0,NA,44.04,41,38.85,38.5,43.22,34.61,41.21,0,-166,-0.92,7,NA,"N. Syndergaard"
"Stephen Strasburg","P","WAS","@PHI","R",NA,9600,39.06,3.44,0,42.64,39.75,44,38.4,36,40.52,33.44,37.74,0,-157,-0.859999999999999,7.5,1,"S. Strasburg"
"Lance McCullers","P","HOU","KCR","R",NA,8900,37.62,3.15,0,42.33,39.05,40.2,35.6,34.6,39.28,32.88,37.06,0,-190,-1.48,8.5,1,"L. McCullers"
"Jake Arrieta","P","CHC","@MIL","R",NA,10400,37.23,3.6,0,40.18,37.26,41.5,37.44,30.5,40.07,36.85,34.03,0,-175,-1.2,8,1.04,"J. Arrieta"
"Johnny Cueto","P","SFG","@SDP","R",NA,8800,36.68,3.54,0,42.55,32.66,39.6,36.96,35.1,38.86,32.2,35.49,0,-155,-0.84,7.5,0.95,"J. Cueto"
"Corey Kluber","P","CLE","@ARI","R",NA,10200,36.5,3.23,0,NA,36.8,42.8,37.74,33.6,35.09,36.27,33.22,0,-187,-1.6,9.5,NA,"C. Kluber"
"Carlos Martinez","P","STL","CIN","R",NA,9200,36.29,5.29,0,42.9,35.05,41.5,34.96,29.3,40.87,29.09,36.68,0,-182,-1.3,8,0.98,"C. Martinez"
"Jose Quintana","P","CHW","MIN","L",NA,8400,34.71,2.39,0,37.47,36.63,36.2,35.28,33.6,35.93,31.44,31.15,0,-128,-0.44,8,1.02,"J. Quintana"
"Marco Estrada","P","TOR","@TBR","R",NA,7900,33.07,2.37,0,35.38,34.07,35.6,31.6,32,34,28.35,33.56,0,-121,-0.300000000000001,8,0.96,"M. Estrada"
"Rick Porcello","P","BOS","@DET","R",NA,9700,32.76,3.14,0,39,30.05,35.6,32.98,31.3,31.76,29.43,31.99,0,-112,-0.12,7.5,1.01,"R. Porcello"
"Gerrit Cole","P","PIT","ATL","R",NA,8300,32.03,3.94,0,33.96,34.49,37,31.54,27.8,36.19,27.11,28.19,0,-135,-0.56,8,0.96,"G. Cole"
"Julio Teheran","P","ATL","@PIT","R",NA,8000,30.54,3.5,0,37.96,29.03,33.1,29.6,28.1,30.65,27.06,28.78,0,125,0.559999999999999,8,0.96,"J. Teheran"
"Matt Shoemaker","P","LAA","SEA","R",NA,7600,30.43,2.99,0,33.8,31.51,35.1,29.64,30,29.07,25.73,28.6,0,-114,-0.18,8.5,0.95,"M. Shoemaker"
"Ervin Santana","P","MIN","@CHW","R",NA,7700,29.83,3.51,0,34.59,29.34,33.4,28.49,25.3,27.6,26.55,33.35,0,118,0.440000000000001,8,1.02,"E. Santana"
"Jake Odorizzi","P","TBR","TOR","R",NA,7500,29.48,2.72,0,33.92,31.72,27,29.25,28.8,31,25.27,28.88,0,111,0.3,8,0.96,"J. Odorizzi"
"Sean Manaea","P","OAK","@TEX","L",NA,6700,28.19,2.58,0,31.51,29.86,32.1,26.8,26.6,25.35,26.99,26.29,0,-115,-0.24,9.5,1.06,"S. Manaea"
"Daniel Norris","P","DET","BOS","L",NA,6900,28.18,4.23,0,33.61,28.95,33.9,28.29,24.6,26.73,21.28,28.06,0,102,0.12,7.5,1.01,"D. Norris"
"CC Sabathia","P","NYY","@BAL","L",NA,7400,27.8,2.75,0,33.32,27.92,27.6,27.38,27.8,24.45,24.76,29.2,0,109,0.279999999999999,8.5,1.03,"C. Sabathia"
"Jeremy Hellickson","P","PHI","WAS","R",NA,6800,27.36,2.6,0,32.58,26.67,29.4,25.84,27.4,26.31,23.93,26.74,0,147,0.86,7.5,1,"J. Hellickson"
"Wade Miley","P","BAL","NYY","L",NA,6200,26.4,2.48,0,NA,27.41,25.2,29.14,28.3,25.77,21.7,27.25,0,-119,-0.279999999999999,8.5,NA,"W. Miley"
"Hisashi Iwakuma","P","SEA","@LAA","R",NA,7700,26.34,2.46,0,27.62,26.51,30.8,25.41,25.9,27.67,22.75,24.1,0,104,0.18,8.5,0.95,"H. Iwakuma"
"Edinson Volquez",NA,NA,NA,NA,NA,NA,26.33,3.03,NA,27.82,26.06,31.4,27.45,26.1,NA,23.15,22.35,NA,NA,NA,NA,0.94,"E. Volquez"
"Kenta Maeda","P","LAD","@COL","R",NA,8400,25.65,2.94,0,30.95,27.23,26,26.88,22.9,25.6,24.34,21.3,0,-126,-0.5,10,1.17,"K. Maeda"
"Tyler Anderson","P","COL","LAD","L",NA,6500,25.48,3.21,0,28.38,26.92,28.1,22.75,25.9,19.53,23.8,28.48,0,116,0.5,10,1.17,"T. Anderson"
"Zach Davies","P","MIL","CHC","R",NA,7000,25.45,2.85,0,29.96,23.43,25,25.9,27.1,21.45,22.78,27.97,0,165,1.2,8,1.04,"Z. Davies"
"Clayton Richard","P","SDP","SFG","L",NA,6900,24.93,4.65,0,32.03,24.48,28.4,24.84,22.8,25.11,15.83,25.95,0,145,0.84,7.5,0.95,"C. Richard"
"Nate Karns","P","KCR","@HOU","R",NA,5800,24.61,0.98,0,NA,NA,NA,NA,25.3,23.91,NA,NA,0,178,1.48,8.5,NA,"N. Karns"
"Nathan Karns",NA,NA,NA,NA,NA,NA,24.38,2.03,NA,23,25.31,25.5,25.52,NA,NA,20.86,26.07,NA,NA,NA,NA,1,NA
"Martin Perez","P","TEX","OAK","L",NA,6400,24.05,2.35,0,27.3,25.61,22.6,21.12,22.9,27.3,22.72,22.86,0,105,0.24,9.5,1.06,"M. Perez"
"Patrick Corbin","P","ARI","CLE","L",NA,5000,23.13,2.53,0,21.18,24,24.7,22.5,24.7,23.15,18.3,26.55,0,176,1.6,9.5,1.04,"P. Corbin"
"Scott Feldman","P","CIN","@STL","R",NA,5000,22.11,2.88,0,21.1,27.14,20.5,24.5,23.5,20.45,17.78,21.89,0,172,1.3,8,0.98,"S. Feldman"
"Ben Taylor",NA,NA,NA,NA,NA,NA,18.6,0,NA,NA,NA,18.6,NA,NA,NA,NA,NA,NA,NA,NA,NA,NA,NA
"Justin Verlander",NA,NA,NA,NA,NA,NA,13.92,24.12,NA,0,NA,0,NA,NA,NA,NA,41.77,NA,NA,NA,NA,1.01,NA
"Anthony Rizzo","1B","CHC","@MIL","L",3,4100,13.26,1.21,0,13.93,14.16,14.3,11.48,14.5,13.59,11.73,12.41,0,-175,-1.2,8,0.96,"A. Rizzo"
"Charlie Blackmon","OF","COL","LAD","L",1,4500,13.1,1.54,0,16,12.79,14,NA,12.5,12.1,13.04,11.24,0,116,0.5,10,0.83,"C. Blackmon"
"Mike Trout","OF","LAA","SEA","R",3,4900,13.03,1.53,0,16.63,12.55,13,12.25,12.6,11.85,13.33,12.04,0,-114,-0.18,8.5,1.05,"M. Trout"
"Edwin Encarnacion","1B","CLE","@ARI","R",4,3900,13,1.49,0,14.99,11.7,13.7,11.7,14.9,12.07,11.95,NA,0,-187,-1.6,9.5,0.96,"E. Encarnacion"
"Nolan Arenado","3B","COL","LAD","R",4,4800,12.99,1.47,0,15.84,12.66,13.5,10.56,13.3,13.01,12.86,12.21,0,116,0.5,10,0.83,"N. Arenado"
"Matthew Davidson",NA,NA,NA,NA,NA,NA,12.83,0,NA,12.83,NA,NA,NA,NA,NA,NA,NA,NA,NA,NA,NA,0.98,NA
"Bryce Harper","OF","WAS","@PHI","L",3,4700,12.67,1.15,0,14.41,13.86,11.6,11.28,12.4,13.09,13.19,11.54,0,-157,-0.859999999999999,7.5,1,"B. Harper"
"Kris Bryant","3B","CHC","@MIL","R",2,4100,12.66,1.41,0,15.59,13.04,13.5,11.48,12.5,11.9,12.07,11.17,0,-175,-1.2,8,0.96,"K. Bryant"
"Justin Turner","3B","LAD","@COL","R",3,4300,12.63,1.07,0,13.23,12.86,10.9,NA,13.8,12.72,11.44,13.46,0,-126,-0.5,10,0.83,"J. Turner"
"Daniel Murphy","2B","WAS","@PHI","L",4,3600,12.35,0.89,0,13.62,11.4,13,NA,12.4,13,11.58,11.44,0,-157,-0.859999999999999,7.5,1,"D. Murphy"
"Brian Dozier","2B","MIN","@CHW","R",1,3700,12.27,2.25,0,16.37,10.09,11.8,NA,14.2,10.32,11.62,11.48,0,118,0.440000000000001,8,0.98,"B. Dozier"
"Mookie Betts","OF","BOS","@DET","R",3,4800,12.23,1.21,0,NA,11.86,12,NA,13.9,12.27,13.05,10.3,0,-112,-0.12,7.5,NA,"M. Betts"
"Logan Forsythe","2B","LAD","@COL","R",1,3500,12.21,0.81,0,13.56,12.42,12.8,11.2,11.6,11.35,12.72,12.06,0,-126,-0.5,10,0.83,"L. Forsythe"
"Mookie Betts","OF","BOS","@DET","R",3,4800,12.19,1.29,0,NA,11.86,12,NA,13.9,12.27,13.05,10.08,0,-112,-0.12,7.5,NA,"M. Betts"
"Carlos Santana","1B","CLE","@ARI","S",1,3800,12.19,1.74,0,15.46,10.71,11.4,12.16,14.3,10.94,11.15,11.41,0,-187,-1.6,9.5,0.96,"C. Santana"
"Kyle Schwarber","OF","CHC","@MIL","L",1,3500,12.16,1.56,0,10.44,13.9,13.8,11.9,10.1,11.1,12.21,13.85,0,-175,-1.2,8,0.96,"K. Schwarber"
"Trevor Story","SS","COL","LAD","R",5,4000,12.09,1.3,0,14.4,11.66,12.5,NA,12.4,10.24,12.31,11.12,0,116,0.5,10,0.83,"T. Story"
"Josh Donaldson","3B","TOR","@TBR","R",2,3800,12.04,1.81,0,14.35,10.09,14.1,10.64,14.1,10.87,11.26,10.9,0,-121,-0.300000000000001,8,1.04,"J. Donaldson"
"Khris Davis","OF","OAK","@TEX","R",4,3300,11.97,1.71,0,15.05,10.42,11.5,10.89,14,10.23,11.69,12.02,0,-115,-0.24,9.5,0.94,"K. Davis"
"Wei-Yin Chen","P","MIA","@NYM","L",NA,7700,11.94,16.89,0,NA,NA,0,NA,NA,23.88,NA,NA,0,156,0.92,7,NA,NA
"Freddie Freeman","1B","ATL","@PIT","L",3,3300,11.88,1.97,0,15.3,9.75,13.4,NA,11.5,10.28,10.58,12.36,0,125,0.559999999999999,8,1.04,"F. Freeman"
"George Springer","OF","HOU","KCR","R",1,4200,11.83,1.36,0,14.87,11.69,11.1,11.34,12.5,10.8,11.69,10.64,0,-190,-1.48,8.5,1,"G. Springer"
"Aledmys Diaz","SS","STL","CIN","R",2,3100,11.82,1.37,0,13.52,9.86,13.3,NA,11.7,10.68,12.56,11.13,0,-182,-1.3,8,1.02,"A. Diaz"
"Yasiel Puig","OF","LAD","@COL","R",4,3800,11.69,1.08,0,12.72,13.67,11.9,10.64,11.9,10.84,11.08,10.73,0,-126,-0.5,10,0.83,"Y. Puig"
"Jose Altuve","2B","HOU","KCR","R",3,3600,11.66,0.92,0,12.94,11.5,11.7,10.44,12.2,12.48,11.72,10.34,0,-190,-1.48,8.5,1,"J. Altuve"
"Carlos Gonzalez","OF","COL","LAD","L",3,3900,11.63,1.02,0,12.29,12.27,11.2,NA,11.1,12.38,12.48,9.72,0,116,0.5,10,0.83,"C. Gonzalez"
"Starling Marte","OF","PIT","ATL","R",2,3700,11.62,1.24,0,13.32,10.78,12.6,NA,12.7,9.98,10.99,11,0,-135,-0.56,8,1.04,"S. Marte"
"Paul Goldschmidt","1B","ARI","CLE","R",3,4600,11.55,1.76,0,15.28,10.71,11.2,10.12,11.1,9.72,12.73,11.53,0,176,1.6,9.5,0.96,"P. Goldschmidt"
"Francisco Lindor","SS","CLE","@ARI","S",2,3700,11.54,1.07,0,13.57,10.55,11.3,10.73,12.8,11.27,10.81,11.32,0,-187,-1.6,9.5,0.96,"F. Lindor"
"Dexter Fowler","OF","STL","CIN","S",1,3200,11.53,0.95,0,12.4,10.46,11.8,NA,13.1,10.95,11.23,10.78,0,-182,-1.3,8,1.02,"D. Fowler"
"Chris Sale",NA,NA,NA,NA,NA,NA,11.51,19.93,NA,0,NA,0,NA,NA,NA,NA,34.52,NA,NA,NA,NA,1.01,NA
"Nelson Cruz","OF","SEA","@LAA","R",4,3500,11.5,1.78,0,13.95,9.54,11.9,NA,13.8,9.95,10.46,10.92,0,104,0.18,8.5,1.05,"N. Cruz"
"Manny Machado","3B","BAL","NYY","R",3,3800,11.43,1.38,0,13.99,11.63,11.1,10.26,9.7,12.26,12.1,10.4,0,-119,-0.279999999999999,8.5,0.97,"M. Machado"
"Chris Carter","1B","NYY","@BAL","R",4,2600,11.4,2.03,0,13.38,10.83,14,NA,11.9,7.82,11.31,10.55,0,109,0.279999999999999,8.5,0.97,"C. Carter"
"Matt Carpenter","2B","STL","CIN","L",3,3000,11.37,1.03,0,12.04,10.46,10.7,10.2,13.1,11.82,12.08,10.58,0,-182,-1.3,8,1.02,"M. Carpenter"
"Yoenis Cespedes","OF","NYM","MIA","R",3,3800,11.35,1.17,0,12.87,9.94,12.6,NA,11.3,11.37,11.52,9.82,0,-166,-0.92,7,1.06,"Y. Cespedes"
"Franklin Gutierrez","OF","LAD","@COL","R",2,3400,11.33,1.56,0,11.46,11.93,9.9,10.2,13.6,9.42,12.77,NA,0,-126,-0.5,10,0.83,"F. Gutierrez"
"Miguel Cabrera","1B","DET","BOS","R",3,3900,11.31,1.66,0,14.97,10,11.3,NA,10.9,10.78,10.78,10.46,0,102,0.12,7.5,0.99,"M. Cabrera"
"Miguel Cabrera","1B","DET","BOS","R",3,3900,11.3,1.67,0,14.97,10,11.3,NA,10.9,10.78,10.78,10.36,0,102,0.12,7.5,0.99,"M. Cabrera"
"Trea Turner",NA,NA,NA,NA,NA,NA,11.3,0.56,NA,10.91,NA,11.7,NA,NA,NA,NA,NA,NA,NA,NA,NA,1,NA
"DJ LeMahieu","2B","COL","LAD","R",2,3300,11.27,0.76,0,12.79,10.98,11.2,NA,11.6,10.4,10.96,10.99,0,116,0.5,10,0.83,"D. LeMahieu"
"Gregory Bird",NA,NA,NA,NA,NA,NA,11.22,0,NA,NA,NA,NA,NA,NA,NA,NA,11.22,NA,NA,NA,NA,NA,NA
"Mark Trumbo","OF","BAL","NYY","R",4,3700,11.2,1.39,0,14.14,10.77,9.5,9.99,11.6,11.51,10.84,11.27,0,-119,-0.279999999999999,8.5,0.97,"M. Trumbo"
"Matt Holliday","OF","NYY","@BAL","R",3,3100,11.14,1.4,0,12.37,10.73,13.3,NA,10.3,9.16,11.7,10.41,0,109,0.279999999999999,8.5,0.97,"M. Holliday"
"Jonathan Villar","2B","MIL","CHC","S",1,3400,11.14,1.86,0,13.64,11.69,13,NA,10.8,8.13,9.93,10.82,0,165,1.2,8,0.96,"J. Villar"
"Joey Votto","1B","CIN","@STL","L",3,3900,11.11,1.77,0,14.21,10.48,9.8,NA,13,9.63,10.37,10.27,0,172,1.3,8,1.02,"J. Votto"
"Michael Pineda",NA,NA,NA,NA,NA,NA,11.06,19.15,NA,0,NA,0,NA,NA,NA,NA,33.17,NA,NA,NA,NA,1.01,NA
"Matt Holliday","OF","NYY","@BAL","R",3,3100,11.04,1.48,0,12.37,10.73,13.3,NA,10.3,9.16,11.7,9.73,0,109,0.279999999999999,8.5,0.97,"M. Holliday"
"Jose Bautista","OF","TOR","@TBR","R",3,3400,11.03,1.44,0,13.35,9.66,11.6,10.54,12.8,9.98,10.78,9.5,0,-121,-0.300000000000001,8,1.04,"J. Bautista"
"Jose Ramirez","3B","CLE","@ARI","S",5,3300,10.95,0.95,0,12.69,10.75,11.4,NA,11,9.67,10.25,10.88,0,-187,-1.6,9.5,0.96,"J. Ramirez"
"Corey Seager","SS","LAD","@COL","L",NA,4400,10.94,1.87,0,12.95,NA,7.7,10.12,NA,11.23,11.23,12.42,0,-126,-0.5,10,0.83,NA
"A.J. Pollock","OF","ARI","CLE","R",1,3700,10.93,1.46,0,10.47,10.21,12.4,NA,NA,8.6,12.28,11.62,0,176,1.6,9.5,0.96,NA
"Rajai Davis","OF","OAK","@TEX","R",1,2500,10.91,1.59,0,11.79,11.23,10.3,10.25,11.7,7.62,12.95,11.45,0,-115,-0.24,9.5,0.94,"R. Davis"
"Carlos Correa","SS","HOU","KCR","R",4,3800,10.89,1.34,0,12.83,11.29,8.7,10.64,11.8,10.45,11.86,9.57,0,-190,-1.48,8.5,1,"C. Correa"
"Brandon Belt","1B","SFG","@SDP","L",2,2900,10.89,1.36,0,13.05,10.14,11.9,NA,10.7,8.73,10.61,11.11,0,-155,-0.84,7.5,1.05,"B. Belt"
"Anthony Rendon","3B","WAS","@PHI","R",2,3000,10.87,1,0,12.57,10.75,11.3,NA,10.9,9.17,10.64,10.73,0,-157,-0.859999999999999,7.5,1,"A. Rendon"
"Jean Segura","SS","SEA","@LAA","R",1,3300,10.86,1.96,0,14.47,9.44,12.3,NA,11,8.96,10.41,9.41,0,104,0.18,8.5,1.05,"J. Segura"
"Alex Bregman","3B","HOU","KCR","R",2,3000,10.81,1.54,0,13.32,10.39,12,10.5,11.5,8.2,10.92,9.69,0,-190,-1.48,8.5,1,"A. Bregman"
"Buster Posey","C","SFG","@SDP","R",4,3900,10.78,0.75,0,12.52,10.5,10.8,10.53,10.6,10.72,10.61,9.94,0,-155,-0.84,7.5,1.05,"B. Posey"
"Jake Lamb","3B","ARI","CLE","L",4,3300,10.75,1.25,0,12.1,9.53,9.9,NA,11.7,9,11.83,11.22,0,176,1.6,9.5,0.96,"J. Lamb"
"Christian Yelich","OF","MIA","@NYM","L",3,3200,10.74,1.47,0,12.76,9.09,12.1,NA,10.9,8.73,11.11,10.46,0,156,0.92,7,1.06,"C. Yelich"
"Yasmani Grandal","C","LAD","@COL","S",6,3400,10.72,1.1,0,12.32,10.83,9.7,NA,11.9,9.48,10.92,9.87,0,-126,-0.5,10,0.83,"Y. Grandal"
"Gregory Polanco","OF","PIT","ATL","L",4,2900,10.69,0.97,0,12.24,9.92,11.8,NA,10.8,10.04,10.1,9.93,0,-135,-0.56,8,1.04,"G. Polanco"
"Adam Eaton","OF","WAS","@PHI","L",1,3700,10.68,1.2,0,13.25,10.62,10,NA,9.9,9.68,10.62,10.68,0,-157,-0.859999999999999,7.5,1,"A. Eaton"
"Mike Napoli","1B","TEX","OAK","R",4,2900,10.65,0.91,0,12.17,10.31,10.5,9.86,11.9,9.88,10.68,9.92,0,105,0.24,9.5,0.94,"M. Napoli"
"Robinson Cano","2B","SEA","@LAA","L",3,3100,10.58,1.54,0,13.39,9.04,11.3,NA,10.3,10.22,10.99,8.85,0,104,0.18,8.5,1.05,"R. Cano"
"Evan Longoria","3B","TBR","TOR","R",3,3300,10.58,1.46,0,13.51,9.2,11.1,NA,10.8,9.45,9.87,10.1,0,111,0.3,8,1.04,"E. Longoria"
"Ben Zobrist","2B","CHC","@MIL","S",4,2900,10.57,1.05,0,12.01,11.76,9.8,NA,11.1,10.15,9.3,9.88,0,-175,-1.2,8,0.96,"B. Zobrist"
"Carlos Gomez","OF","TEX","OAK","R",1,2900,10.56,1.69,0,13.47,10.61,9.4,NA,11,10.08,11.33,8.03,0,105,0.24,9.5,0.94,"C. Gomez"
"Todd Frazier","3B","CHW","MIN","R",4,3200,10.55,0.95,0,12.56,10.08,10,NA,10.6,9.87,10.8,9.95,0,-128,-0.44,8,0.98,"T. Frazier"
"Hunter Pence","OF","SFG","@SDP","R",3,2800,10.54,0.88,0,11.91,10.17,10.7,NA,11.2,9.63,10.74,9.42,0,-155,-0.84,7.5,1.05,"H. Pence"
"KikÃÂ© Hernandez",NA,NA,NA,NA,NA,NA,10.54,0,NA,NA,10.54,NA,NA,NA,NA,NA,NA,NA,NA,NA,NA,NA,NA
"Evan Longoria","3B","TBR","TOR","R",3,3300,10.52,1.49,0,13.51,9.2,11.1,NA,10.8,9.45,9.87,9.68,0,111,0.3,8,1.04,"E. Longoria"
"Dustin Pedroia","2B","BOS","@DET","R",1,3000,10.51,1.34,0,12.2,9.74,9.7,NA,11.8,8.77,11.66,9.67,0,-112,-0.12,7.5,0.99,"D. Pedroia"
"Rougned Odor","2B","TEX","OAK","L",5,3300,10.5,1.82,0,14.2,9.46,8.5,NA,10.5,9.54,10.85,10.44,0,105,0.24,9.5,0.94,"R. Odor"
"Joc Pederson","OF","LAD","@COL","L",8,3800,10.5,1.31,0,12,10.55,9.9,NA,12.2,8.37,10.08,10.4,0,-126,-0.5,10,0.83,"J. Pederson"
"Ryon Healy","1B","OAK","@TEX","R",5,3100,10.42,1.47,0,12.97,9.32,9.1,NA,11.2,8.81,10.78,10.79,0,-115,-0.24,9.5,0.94,"R. Healy"
"Dustin Pedroia","2B","BOS","@DET","R",1,3000,10.42,1.42,0,12.2,9.74,9.7,NA,11.8,8.77,11.66,9.08,0,-112,-0.12,7.5,0.99,"D. Pedroia"
"Jose Abreu","1B","CHW","MIN","R",3,3200,10.37,1.56,0,13.76,10.23,9.2,NA,10.4,9.49,10.04,9.5,0,-128,-0.44,8,0.98,"J. Abreu"
"Giancarlo Stanton","OF","MIA","@NYM","R",4,3400,10.37,1.46,0,12.92,10.06,9.9,NA,10.5,8.69,11.51,9.02,0,156,0.92,7,1.06,"G. Stanton"
"Ian Kinsler","2B","DET","BOS","R",1,3300,10.35,1.02,0,12.29,9.12,10.1,NA,10.5,9.78,9.81,10.82,0,102,0.12,7.5,0.99,"I. Kinsler"
"Wil Myers","1B","SDP","SFG","R",3,3700,10.35,1.26,0,12.35,9.53,9.6,NA,10.8,8.5,11.12,10.52,0,145,0.84,7.5,1.05,"W. Myers"
"Randal Grichuk","OF","STL","CIN","R",8,2600,10.34,1.32,0,12.71,9.73,11,NA,9.6,9.49,11.02,8.84,0,-182,-1.3,8,1.02,"R. Grichuk"
"Albert Pujols","1B","LAA","SEA","R",4,2600,10.32,1.28,0,13.25,9.89,10.5,10.14,10.3,8.89,9.92,9.63,0,-114,-0.18,8.5,1.05,"A. Pujols"
"Ian Kinsler","2B","DET","BOS","R",1,3300,10.3,1,0,12.29,9.12,10.1,NA,10.5,9.78,9.81,10.49,0,102,0.12,7.5,0.99,"I. Kinsler"
"Aaron Judge, NYYDL15",NA,NA,NA,NA,NA,NA,10.3,0,NA,NA,NA,10.3,NA,NA,NA,NA,NA,NA,NA,NA,NA,NA,NA
"Kyle Seager","3B","SEA","@LAA","L",5,3600,10.28,1.46,0,12.6,8.67,11.5,NA,10.2,9.47,10.78,8.74,0,104,0.18,8.5,1.05,"K. Seager"
"Chris Young","OF","BOS","@DET","R",4,2400,10.28,1.14,0,11.82,9.84,10.5,NA,10.7,8.62,11.31,9.18,0,-112,-0.12,7.5,0.99,"C. Young"
"Miguel Sano","3B","MIN","@CHW","R",4,3200,10.23,1.13,0,12.7,9.72,9.7,NA,9.8,9.33,10.37,9.96,0,118,0.440000000000001,8,0.98,"M. Sano"
"C.J. Cron","1B","LAA","SEA","R",5,2600,10.2,1.72,0,12.69,NA,10.4,NA,NA,8.01,10.54,9.35,0,-114,-0.18,8.5,1.05,NA
"Kike Hernandez",NA,NA,NA,NA,NA,NA,10.2,0,NA,NA,NA,NA,NA,10.2,NA,NA,NA,NA,NA,NA,NA,NA,"K. Hernandez"
"Curtis Granderson","OF","NYM","MIA","L",4,2600,10.19,1.58,0,12.99,9.72,11,NA,9.5,7.8,10.25,10.04,0,-166,-0.92,7,1.06,"C. Granderson"
"Jonathan Lucroy","C","TEX","OAK","R",6,3000,10.18,0.94,0,11.77,9.21,9.6,NA,10.5,9.51,11.01,9.69,0,105,0.24,9.5,0.94,"J. Lucroy"
"Mark Reynolds","1B","COL","LAD","R",7,3800,10.14,0.91,0,11.58,9.9,11,NA,8.9,9.56,9.72,10.3,0,116,0.5,10,0.83,"M. Reynolds"
"Melky Cabrera","OF","CHW","MIN","S",1,2900,10.14,1.51,0,12.31,9.53,8.1,NA,12,9.22,9.92,9.88,0,-128,-0.44,8,0.98,"M. Cabrera"
"Billy Hamilton","OF","CIN","@STL","S",1,3200,10.14,1.62,0,11.93,11.12,10.8,NA,NA,7.38,10.39,9.23,0,172,1.3,8,1.02,NA
"Addison Russell","SS","CHC","@MIL","R",5,2700,10.13,1.21,0,11.98,10.95,10.3,NA,10.5,8.82,9.83,8.5,0,-175,-1.2,8,0.96,"A. Russell"
"Andrew McCutchen","OF","PIT","ATL","R",3,3300,10.12,1.37,0,13.26,10.17,8.8,10.23,9.5,9.15,10,9.82,0,-135,-0.56,8,1.04,"A. McCutchen"
"Evan Gattis","C","HOU","KCR","R",6,2900,10.07,1.21,0,10.34,NA,12.1,NA,9.9,8.51,10.28,9.32,0,-190,-1.48,8.5,1,"E. Gattis"
"Marcus Semien","SS","OAK","@TEX","R",2,2700,10.07,2.02,0,11.35,10.08,9,NA,13.5,7.02,10.23,9.32,0,-115,-0.24,9.5,0.94,"M. Semien"
"Jay Bruce","OF","NYM","MIA","L",6,3200,10.06,0.87,0,11.24,9.32,10.5,NA,10.2,8.65,10.62,9.86,0,-166,-0.92,7,1.06,"J. Bruce"
"Chris Davis","1B","BAL","NYY","L",5,3200,10.06,1.5,0,12.78,9.49,9.3,NA,9.9,8.1,11.15,9.71,0,-119,-0.279999999999999,8.5,0.97,"C. Davis"
"Jose Reyes","3B","NYM","MIA","S",1,2600,10.03,1.1,0,12.38,9.76,9.6,NA,9.9,9.09,10.23,9.27,0,-166,-0.92,7,1.06,"J. Reyes"
"Kendrys Morales","1B","TOR","@TBR","S",4,3000,10.02,1.55,0,13.26,9.67,8.9,NA,10.5,8.82,9.89,9.08,0,-121,-0.300000000000001,8,1.04,"K. Morales"
"Adam Jones","OF","BAL","NYY","R",2,3700,10.01,1.13,0,11.89,10.02,8.6,NA,8.8,10.18,10.81,9.79,0,-119,-0.279999999999999,8.5,0.97,"A. Jones"
"Asdrubal Cabrera","SS","NYM","MIA","S",2,2900,9.98,1.33,0,12.26,9.1,10.9,NA,8.6,8.68,10.49,9.86,0,-166,-0.92,7,1.06,"A. Cabrera"
"Kevin Kiermaier","OF","TBR","TOR","L",2,2800,9.96,1.54,0,12.85,9.82,10.6,NA,9.9,7.79,9.47,9.28,0,111,0.3,8,1.04,"K. Kiermaier"
"Justin Upton","OF","DET","BOS","R",5,3200,9.95,1.94,0,14.28,8.93,9.3,NA,9.4,9.01,9.94,8.82,0,102,0.12,7.5,0.99,"J. Upton"
"Nick Castellanos","3B","DET","BOS","R",2,3200,9.95,1.12,0,11.48,8.69,11,NA,10,8.73,9.14,10.58,0,102,0.12,7.5,0.99,"N. Castellanos"
"Kevin Kiermaier","OF","TBR","TOR","L",2,2800,9.95,1.54,0,12.85,9.82,10.6,NA,9.9,7.79,9.47,9.2,0,111,0.3,8,1.04,"K. Kiermaier"
"Justin Upton","OF","DET","BOS","R",5,3200,9.94,1.95,0,14.28,8.93,9.3,NA,9.4,9.01,9.94,8.72,0,102,0.12,7.5,0.99,"J. Upton"
"Devon Travis","2B","TOR","@TBR","R",1,2400,9.92,1.54,0,11.29,8.81,11.2,NA,11.4,7.25,9.95,9.56,0,-121,-0.300000000000001,8,1.04,"D. Travis"
"Nick Castellanos","3B","DET","BOS","R",2,3200,9.9,1.1,0,11.48,8.69,11,NA,10,8.73,9.14,10.25,0,102,0.12,7.5,0.99,"N. Castellanos"
"Neil Walker","2B","NYM","MIA","S",5,2600,9.89,1.29,0,12.13,9.55,10.6,NA,9.7,7.99,10.16,9.1,0,-166,-0.92,7,1.06,"N. Walker"
"Corey Dickerson","OF","TBR","TOR","L",1,2800,9.88,1.28,0,11.93,9.66,9.8,NA,10.2,7.78,10.63,9.17,0,111,0.3,8,1.04,"C. Dickerson"
"David Peralta","OF","ARI","CLE","L",2,2900,9.87,1.14,0,10.39,8.94,9.8,NA,8.8,8.64,10.92,11.57,0,176,1.6,9.5,0.96,"D. Peralta"
"Eduardo Nunez","3B","SFG","@SDP","R",6,2700,9.81,1.16,0,11.63,9.65,10.4,NA,8.3,8.91,10.68,9.07,0,-155,-0.84,7.5,1.05,"E. Nunez"
"Lorenzo Cain","OF","KCR","@HOU","R",3,3400,9.81,1.12,0,11.16,9.19,10.6,NA,10.9,8.62,9.82,8.36,0,178,1.48,8.5,1,"L. Cain"
"Corey Dickerson","OF","TBR","TOR","L",1,2800,9.8,1.35,0,11.93,9.66,9.8,NA,10.2,7.78,10.63,8.61,0,111,0.3,8,1.04,"C. Dickerson"
"Michael Brantley","OF","CLE","@ARI","L",3,3100,9.76,1.12,0,9.34,NA,8.3,10.85,NA,8.81,10.19,11.07,0,-187,-1.6,9.5,0.96,NA
"Kole Calhoun","OF","LAA","SEA","L",2,3200,9.72,1.6,0,12.83,9.42,9.6,NA,9.5,9.11,10.11,7.5,0,-114,-0.18,8.5,1.05,"K. Calhoun"
"Brad Miller","2B","TBR","TOR","L",4,2900,9.7,1.63,0,12.78,9.5,9.4,NA,10.2,7.83,10.05,8.15,0,111,0.3,8,1.04,"B. Miller"
"Brad Miller","2B","TBR","TOR","L",4,2900,9.68,1.65,0,12.78,9.5,9.4,NA,10.2,7.83,10.05,8.03,0,111,0.3,8,1.04,"B. Miller"
"Ryan Schimpf","2B","SDP","SFG","L",5,2800,9.65,1.57,0,11.91,8.82,9.8,NA,8.4,7.55,11.38,9.69,0,145,0.84,7.5,1.05,"R. Schimpf"
"Brandon Crawford","SS","SFG","@SDP","L",5,2800,9.63,1.23,0,11.57,9.31,9,NA,10.7,7.77,9.84,9.19,0,-155,-0.84,7.5,1.05,"B. Crawford"
"Eric Thames","1B","MIL","CHC","L",2,2500,9.63,1.45,0,9.93,10.49,10.7,NA,8,7.23,9.98,11.09,0,165,1.2,8,0.96,"E. Thames"
"Eric Hosmer","1B","KCR","@HOU","L",4,3000,9.61,1.16,0,11.99,9.21,9.9,NA,9.3,8.62,9.71,8.57,0,178,1.48,8.5,1,"E. Hosmer"
"Andrew Benintendi","OF","BOS","@DET","L",2,3200,9.6,1.23,0,9.36,9.23,8.8,NA,11.2,8.13,11.41,9.09,0,-112,-0.12,7.5,0.99,"A. Benintendi"
"Jayson Werth","OF","WAS","@PHI","R",6,2900,9.58,1.56,0,12.28,9.49,8.1,NA,11,8.47,9.53,8.22,0,-157,-0.859999999999999,7.5,1,"J. Werth"
"Shin-Soo Choo","OF","TEX","OAK","L",2,2700,9.53,1.47,0,11.83,9.28,9.2,NA,10.3,7.42,8.23,10.42,0,105,0.24,9.5,0.94,"S. Choo"
"Jose Ramirez","3B","CLE","@ARI","S",5,3300,9.52,3.7,0,12.69,10.75,1.4,NA,11,9.67,10.25,10.88,0,-187,-1.6,9.5,0.96,"J. Ramirez"
"Ryan Braun","OF","MIL","CHC","R",3,4000,9.51,1.03,0,NA,10.44,8.1,NA,NA,9.05,9.36,10.58,0,165,1.2,8,NA,NA
"Mike Moustakas","3B","KCR","@HOU","L",2,2800,9.51,1.05,0,9.25,9.16,10.6,NA,11.1,7.9,9.28,9.31,0,178,1.48,8.5,1,"M. Moustakas"
"Brett Gardner","OF","NYY","@BAL","L",1,2900,9.51,1.17,0,10.91,9.71,9,NA,9.1,7.35,10.38,10.09,0,109,0.279999999999999,8.5,0.97,"B. Gardner"
"Ender Inciarte","OF","ATL","@PIT","L",1,2700,9.5,1.13,0,11.24,9.04,10.1,NA,9.6,7.52,9.2,9.79,0,125,0.559999999999999,8,1.04,"E. Inciarte"
"Timothy Anderson","SS","CHW","MIN","R",2,2700,9.49,1.02,0,11.24,9.37,8.2,NA,10.4,8.93,9.42,8.86,0,-128,-0.44,8,0.98,"T. Anderson"
"Yasmany Tomas","OF","ARI","CLE","R",5,2800,9.48,1.88,0,13.31,9.05,8.2,NA,9.6,7.33,9.65,9.21,0,176,1.6,9.5,0.96,"Y. Tomas"
"Elvis Andrus","SS","TEX","OAK","R",9,2900,9.46,1.35,0,11.96,8.37,9.4,NA,9.3,7.73,10.16,9.28,0,105,0.24,9.5,0.94,"E. Andrus"
"Adam Duvall","OF","CIN","@STL","R",4,3600,9.45,1.29,0,12.08,9.01,9.1,NA,10.1,8.24,8.78,8.86,0,172,1.3,8,1.02,"A. Duvall"
"Starlin Castro","2B","NYY","@BAL","R",5,2300,9.44,0.87,0,11.11,9.32,9.8,NA,9.5,8.31,9.12,8.92,0,109,0.279999999999999,8.5,0.97,"S. Castro"
"Alex Gordon","OF","KCR","@HOU","L",1,2500,9.44,1.08,0,10.69,9.09,10.4,NA,9.8,7.37,9.26,9.44,0,178,1.48,8.5,1,"A. Gordon"
"Andrew Benintendi","OF","BOS","@DET","L",2,3200,9.42,1.4,0,9.36,9.23,8.8,NA,11.2,8.13,11.41,7.81,0,-112,-0.12,7.5,0.99,"A. Benintendi"
"Dee Gordon","2B","MIA","@NYM","L",1,3200,9.42,1.18,0,10.73,9.26,9.1,NA,NA,7.57,10.7,9.18,0,156,0.92,7,1.06,NA
"Cameron Maybin","OF","LAA","SEA","R",6,2800,9.39,1.45,0,12.38,8.49,9.6,NA,9.1,7.79,9.38,9.01,0,-114,-0.18,8.5,1.05,"C. Maybin"
"Starlin Castro","2B","NYY","@BAL","R",5,2300,9.38,0.93,0,11.11,9.32,9.8,NA,9.5,8.31,9.12,8.52,0,109,0.279999999999999,8.5,0.97,"S. Castro"
"Odubel Herrera","OF","PHI","WAS","L",3,3500,9.35,0.63,0,10.56,8.98,9.8,NA,9.2,8.69,8.98,9.23,0,147,0.86,7.5,1,"O. Herrera"
"Brandon Guyer","OF","CLE","@ARI","R",7,2200,9.33,1.75,0,7.29,10.61,8.6,NA,11.5,7.59,10.42,NA,0,-187,-1.6,9.5,0.96,"B. Guyer"
"Brett Gardner","OF","NYY","@BAL","L",1,2900,9.33,1.16,0,10.91,9.71,9,NA,9.1,7.35,10.38,8.86,0,109,0.279999999999999,8.5,0.97,"B. Gardner"
"Gerardo Parra","OF","COL","LAD","L",6,3200,9.31,0.88,0,9.14,10.08,8.5,NA,9.5,10.17,9.95,7.83,0,116,0.5,10,0.83,"G. Parra"
"Troy Tulowitzki","SS","TOR","@TBR","R",5,2700,9.28,1.22,0,11.63,8.34,10,NA,9.2,8.6,9.12,8.05,0,-121,-0.300000000000001,8,1.04,"T. Tulowitzki"
"Justin Bour","1B","MIA","@NYM","L",5,2700,9.26,1.46,0,10.74,8.17,10.6,NA,8.6,6.97,10.65,9.07,0,156,0.92,7,1.06,"J. Bour"
"Victor Martinez","C","DET","BOS","S",4,2800,9.24,1.06,0,11.55,8.53,8.9,NA,8.4,9.15,9.1,9.04,0,102,0.12,7.5,0.99,"V. Martinez"
"Jedd Gyorko","3B","STL","CIN","R",7,2500,9.24,1.08,0,9.39,8.37,10.9,NA,8.9,7.73,10.25,9.14,0,-182,-1.3,8,1.02,"J. Gyorko"
"Victor Martinez","C","DET","BOS","S",4,2800,9.23,1.06,0,11.55,8.53,8.9,NA,8.4,9.15,9.1,8.96,0,102,0.12,7.5,0.99,"V. Martinez"
"Trevor Plouffe","3B","OAK","@TEX","R",6,2300,9.22,1,0,NA,8.87,9.4,NA,9.8,7.77,10.7,8.76,0,-115,-0.24,9.5,NA,"T. Plouffe"
"Dansby Swanson","SS","ATL","@PIT","R",2,2500,9.21,0.83,0,9.22,8.58,10,NA,9.9,7.65,9.56,9.55,0,125,0.559999999999999,8,1.04,"D. Swanson"
"Yangervis Solarte","3B","SDP","SFG","S",4,2700,9.18,1.26,0,11.16,8.39,10.1,NA,9.4,7.84,9.61,7.74,0,145,0.84,7.5,1.05,"Y. Solarte"
"Nick Markakis","OF","ATL","@PIT","L",5,2800,9.18,1.36,0,10.97,7.95,10.8,NA,9.2,7.62,8.12,9.57,0,125,0.559999999999999,8,1.04,"N. Markakis"
"Mitch Haniger","OF","SEA","@LAA","R",2,2000,9.13,1.23,0,9.34,8.5,11.6,NA,8.8,7.62,9.27,8.8,0,104,0.18,8.5,1.05,"M. Haniger"
"Robbie Grossman","OF","MIN","@CHW","S",2,2500,9.1,1.37,0,8.07,7.82,10.3,NA,11,7.46,9.07,9.97,0,118,0.440000000000001,8,0.98,"R. Grossman"
"Chris Young","OF","BOS","@DET","R",4,2400,9.08,3.28,0,11.82,9.84,2.1,NA,10.7,8.62,11.31,9.18,0,-112,-0.12,7.5,0.99,"C. Young"
"Travis Jankowski","OF","SDP","SFG","L",2,2200,9.07,0.96,0,9.43,9.91,9.7,NA,8.2,7.61,10.13,8.54,0,145,0.84,7.5,1.05,"T. Jankowski"
"Lucas Duda","1B","NYM","MIA","L",7,2600,9.06,1.54,0,10.38,9.02,10.6,NA,7.4,6.79,10.49,8.76,0,-166,-0.92,7,1.06,"L. Duda"
"Chase Headley","3B","NYY","@BAL","S",6,2900,9.03,1.47,0,10.6,8.97,10.3,NA,9.5,6.11,9.1,8.63,0,109,0.279999999999999,8.5,0.97,"C. Headley"
"Stephen Vogt",NA,NA,NA,NA,NA,NA,9.02,1.61,NA,10.57,NA,6.9,NA,NA,NA,8.72,9.9,NA,NA,NA,NA,0.94,NA
"Matt Kemp",NA,NA,NA,NA,NA,NA,9,0,NA,NA,NA,9,NA,NA,NA,NA,NA,NA,NA,NA,NA,NA,NA
"Jhonny Peralta","SS","STL","CIN","R",6,2700,8.94,0.73,0,9.87,NA,8.3,NA,NA,9.23,9.19,8.1,0,-182,-1.3,8,1.02,NA
"Steve Souza","OF","TBR","TOR","R",5,2800,8.94,0.93,0,10.91,8.55,9.1,NA,8.2,8.17,8.82,8.8,0,111,0.3,8,1.04,"S. Souza"
"Aaron Hicks","OF","NYY","@BAL","S",2,2200,8.94,0.91,0,9.2,9.86,9.3,NA,8.6,7.11,9.65,8.86,0,109,0.279999999999999,8.5,0.97,"A. Hicks"
"Chase Headley","3B","NYY","@BAL","S",6,2900,8.93,1.53,0,10.6,8.97,10.3,NA,9.5,6.11,9.1,7.9,0,109,0.279999999999999,8.5,0.97,"C. Headley"
"Yadier Molina","C","STL","CIN","R",5,2600,8.92,1.07,0,10.99,9.16,8.6,NA,9.3,7.66,8.29,8.42,0,-182,-1.3,8,1.02,"Y. Molina"
"Maikel Franco","3B","PHI","WAS","R",4,2800,8.88,1.1,0,11.01,9.46,8.8,NA,8.5,8.4,8.4,7.56,0,147,0.86,7.5,1,"M. Franco"
"Russell Martin","C","TOR","@TBR","R",6,2500,8.87,1.53,0,11.57,7.68,9.9,NA,8.7,7.11,9.25,7.88,0,-121,-0.300000000000001,8,1.04,"R. Martin"
"Steve Souza","OF","TBR","TOR","R",5,2800,8.86,0.97,0,10.91,8.55,9.1,NA,8.2,8.17,8.82,8.24,0,111,0.3,8,1.04,"S. Souza"
"Brandon Phillips","2B","ATL","@PIT","R",6,2500,8.86,1.61,0,10.97,8.05,10.1,NA,10.1,6.29,8.31,8.19,0,125,0.559999999999999,8,1.04,"B. Phillips"
"J.T. Realmuto","C","MIA","@NYM","R",2,2600,8.83,1.25,0,10.22,7.95,10.1,NA,8.8,6.93,9.78,8.05,0,156,0.92,7,1.06,"J. Realmuto"
"Jose Peraza","2B","CIN","@STL","R",2,3000,8.82,1.21,0,9.9,10,9,NA,NA,6.71,8.99,8.3,0,172,1.3,8,1.02,NA
"Cesar Hernandez","2B","PHI","WAS","S",1,2500,8.81,1.06,0,10.78,8.84,8.2,NA,9.1,7.42,8.21,9.14,0,147,0.86,7.5,1,"C. Hernandez"
"Byron Buxton","OF","MIN","@CHW","R",8,2400,8.8,1.26,0,11.07,8.51,8.9,NA,9.3,7.28,8.98,7.53,0,118,0.440000000000001,8,0.98,"B. Buxton"
"Nomar Mazara","OF","TEX","OAK","L",3,3100,8.78,1.24,0,10.98,9.11,7.3,NA,8.3,8.2,7.9,9.66,0,105,0.24,9.5,0.94,"N. Mazara"
"Yunel Escobar","3B","LAA","SEA","R",1,2700,8.78,0.75,0,10.28,8.63,8,NA,9.1,8.15,8.62,8.7,0,-114,-0.18,8.5,1.05,"Y. Escobar"
"Brandon Moss","1B","KCR","@HOU","L",6,2300,8.78,1.35,0,10.56,7.96,10,NA,9,6.44,9,8.53,0,178,1.48,8.5,1,"B. Moss"
"Jarrod Dyson","OF","SEA","@LAA","L",7,2600,8.77,2.19,0,8.26,8.34,12.9,NA,9.4,6.68,9.5,6.31,0,104,0.18,8.5,1.05,"J. Dyson"
"Logan Morrison","1B","TBR","TOR","L",6,2400,8.74,1.19,0,11.08,8.88,8.6,NA,9,7.69,8.54,7.42,0,111,0.3,8,1.04,"L. Morrison"
"Jason Heyward","OF","CHC","@MIL","L",6,2800,8.74,1.45,0,9.73,11.13,9.3,NA,7.2,7.16,8.75,7.93,0,-175,-1.2,8,0.96,"J. Heyward"
"Logan Morrison","1B","TBR","TOR","L",6,2400,8.73,1.21,0,11.08,8.88,8.6,NA,9,7.69,8.54,7.31,0,111,0.3,8,1.04,"L. Morrison"
"Travis Shaw","3B","MIL","CHC","L",4,3200,8.73,0.88,0,9.14,9.37,8.6,NA,9,7.4,7.74,9.83,0,165,1.2,8,0.96,"T. Shaw"
"Trey Mancini","1B","BAL","NYY","R",6,2300,8.72,1.18,0,9.17,9.05,10.7,NA,7.7,7.85,9.3,7.3,0,-119,-0.279999999999999,8.5,0.97,"T. Mancini"
"Josh Reddick","OF","HOU","KCR","L",7,2400,8.71,1.46,0,9.94,9.83,6.3,NA,9.9,7.34,9.51,8.15,0,-190,-1.48,8.5,1,"J. Reddick"
"Jorge Polanco","SS","MIN","@CHW","S",6,2600,8.68,1.1,0,10.86,7.88,8.5,NA,8.8,7.56,9.11,8.06,0,118,0.440000000000001,8,0.98,"J. Polanco"
"Travis DArnaud",NA,NA,NA,NA,NA,NA,8.65,0,NA,8.65,NA,NA,NA,NA,NA,NA,NA,NA,NA,NA,NA,1.06,NA
"Danny Valencia","1B","SEA","@LAA","R",6,2300,8.62,0.88,0,7.95,7.75,9.5,NA,9.7,7.64,9.33,8.47,0,104,0.18,8.5,1.05,"D. Valencia"
"Chris Owings","SS","ARI","CLE","R",6,2600,8.62,1.47,0,11.02,7.73,7.7,NA,10.2,6.93,8.65,8.1,0,176,1.6,9.5,0.96,"C. Owings"
"Avisail Garcia","OF","CHW","MIN","R",6,2900,8.61,1.25,0,10.88,NA,8,NA,8.9,7.21,8.54,8.14,0,-128,-0.44,8,0.98,"A. Garcia"
"Mallex Smith","OF","TBR","TOR","L",8,2000,8.61,1.51,0,9.73,8.49,10.2,NA,9.6,5.95,9,7.33,0,111,0.3,8,1.04,"M. Smith"
"Mallex Smith","OF","TBR","TOR","L",8,2000,8.6,1.52,0,9.73,8.49,10.2,NA,9.6,5.95,9,7.25,0,111,0.3,8,1.04,"M. Smith"
"Mitch Moreland","1B","BOS","@DET","L",5,2600,8.54,0.68,0,9.29,7.86,8.5,NA,9.3,7.6,8.96,8.25,0,-112,-0.12,7.5,0.99,"M. Moreland"
"Tommy Joseph","1B","PHI","WAS","R",6,2000,8.54,0.94,0,9.92,8.53,8.4,NA,9.4,7.16,8.69,7.68,0,147,0.86,7.5,1,"T. Joseph"
"Brian McCann","C","HOU","KCR","L",5,2600,8.52,1.67,0,10.67,8.52,6.3,NA,8.8,6.5,10.25,8.61,0,-190,-1.48,8.5,1,"B. McCann"
"Jonathan Schoop","2B","BAL","NYY","R",7,2500,8.5,1.08,0,9.95,8.68,7,NA,9,7.27,9.36,8.21,0,-119,-0.279999999999999,8.5,0.97,"J. Schoop"
"Adrian Gonzalez",NA,NA,NA,NA,NA,NA,8.46,5.16,NA,12.28,NA,0.9,NA,NA,NA,9.59,11.06,NA,NA,NA,NA,0.83,NA
"Mitch Moreland","1B","BOS","@DET","L",5,2600,8.45,0.76,0,9.29,7.86,8.5,NA,9.3,7.6,8.96,7.61,0,-112,-0.12,7.5,0.99,"M. Moreland"
"Adonis Garcia","3B","ATL","@PIT","R",4,2400,8.45,1.28,0,11.13,8.46,8.1,NA,8,7.03,7.93,8.47,0,125,0.559999999999999,8,1.04,"A. Garcia"
"Scott Schebler","OF","CIN","@STL","L",6,2800,8.45,1.6,0,11.27,8.37,7.3,NA,NA,6.7,9.03,8.01,0,172,1.3,8,1.02,NA
"Denard Span",NA,NA,NA,NA,NA,NA,8.45,2.72,NA,11.16,NA,5.1,NA,NA,NA,7.46,10.08,NA,NA,NA,NA,1.05,NA
"Howie Kendrick","OF","PHI","WAS","R",2,2500,8.44,0.6,0,9.18,8.45,9.1,NA,8.2,7.49,8.01,8.67,0,147,0.86,7.5,1,"H. Kendrick"
"Tony Wolters",NA,NA,NA,NA,NA,NA,8.41,0.68,NA,9.51,8.49,8.1,NA,NA,NA,8.27,7.7,NA,NA,NA,NA,0.83,NA
"Leonys Martin",NA,NA,NA,NA,NA,NA,8.4,1.16,NA,9.59,6.99,9.6,NA,8.4,NA,8.77,7.07,NA,NA,NA,NA,1.05,"L. Martin"
"Manuel Margot","OF","SDP","SFG","R",1,2700,8.38,1.28,0,8.04,8.83,7.7,NA,7.5,6.76,10.59,9.22,0,145,0.84,7.5,1.05,"M. Margot"
"Brandon Drury","2B","ARI","CLE","R",7,2700,8.38,1.55,0,10.66,7.82,7.1,NA,7.8,6.31,9.76,9.24,0,176,1.6,9.5,0.96,"B. Drury"
"Marcell Ozuna","OF","MIA","@NYM","R",6,2800,8.37,0.93,0,9.57,7.63,8.6,NA,8.1,6.9,9.34,8.43,0,156,0.92,7,1.06,"M. Ozuna"
"Alex Cobb",NA,NA,NA,NA,NA,NA,8.37,14.49,NA,0,NA,0,NA,NA,NA,NA,25.1,NA,NA,NA,NA,1.01,NA
"Hunter Renfroe","OF","SDP","SFG","R",6,2400,8.36,1.17,0,9.34,7.71,9.1,NA,6.9,6.88,9.61,8.97,0,145,0.84,7.5,1.05,"H. Renfroe"
"Sandy Leon","C","BOS","@DET","S",7,2500,8.34,1.39,0,9.75,6.62,9.9,NA,8.1,6.88,9.56,7.58,0,-112,-0.12,7.5,0.99,"S. Leon"
"Joe Panik","2B","SFG","@SDP","L",NA,2600,8.27,1.59,0,10.56,NA,6.8,NA,NA,6.75,8.92,8.33,0,-155,-0.84,7.5,1.05,NA
"Joe Mauer","1B","MIN","@CHW","L",3,2900,8.26,1.41,0,10.97,7.76,7.2,NA,9.3,6.94,7.73,7.89,0,118,0.440000000000001,8,0.98,"J. Mauer"
"Yonder Alonso",NA,NA,NA,NA,NA,NA,8.23,1.53,NA,10.04,NA,6.4,NA,NA,NA,7.8,8.68,NA,NA,NA,NA,0.94,NA
"Jed Lowrie","2B","OAK","@TEX","S",3,2200,8.22,0.71,0,8.99,9.15,7.9,NA,8.7,7.9,7.37,7.56,0,-115,-0.24,9.5,0.94,"J. Lowrie"
"Adam Frazier","SS","PIT","ATL","L",1,2100,8.22,0.66,0,8.22,NA,7.7,NA,9.3,7.39,8.22,8.51,0,-135,-0.56,8,1.04,"A. Frazier"
"Michael Saunders","OF","PHI","WAS","L",5,2500,8.17,0.37,0,8.59,8.39,7.5,NA,8.2,8.15,8.45,7.92,0,147,0.86,7.5,1,"M. Saunders"
"Domingo Santana","OF","MIL","CHC","R",5,2900,8.13,1.61,0,10.45,9.38,6.3,NA,NA,6.82,7.28,8.53,0,165,1.2,8,0.96,NA
"Sandy Leon","C","BOS","@DET","S",7,2500,8.12,1.63,0,9.75,6.62,9.9,NA,8.1,6.88,9.56,6.05,0,-112,-0.12,7.5,0.99,"S. Leon"
"Austin Romine","C","NYY","@BAL","R",8,2100,8.09,1.47,0,8.57,7.98,10.7,NA,7.8,6.36,8.71,6.52,0,109,0.279999999999999,8.5,0.97,"A. Romine"
"Justin Smoak","1B","TOR","@TBR","S",7,2300,8.06,0.73,0,8.35,8.05,7.4,NA,8.8,7.08,9.09,7.67,0,-121,-0.300000000000001,8,1.04,"J. Smoak"
"Austin Romine","C","NYY","@BAL","R",8,2100,8.05,1.52,0,8.57,7.98,10.7,NA,7.8,6.36,8.71,6.26,0,109,0.279999999999999,8.5,0.97,"A. Romine"
"Christopher Herrmann",NA,NA,NA,NA,NA,NA,8.04,0,NA,8.04,NA,NA,NA,NA,NA,NA,NA,NA,NA,NA,NA,0.96,NA
"Eugenio Suarez","3B","CIN","@STL","R",5,2800,8.02,1.21,0,9.91,8.6,6.1,NA,8.8,7.42,7.68,7.61,0,172,1.3,8,1.02,"E. Suarez"
"Steve Selsky","OF","BOS","@DET","R",6,2300,7.99,1.31,0,7.48,8.28,10.1,NA,6.3,6.72,9.03,8.01,0,-112,-0.12,7.5,0.99,"S. Selsky"
"Salvador Perez","C","KCR","@HOU","R",5,2900,7.98,0.8,0,9.5,8.23,8,NA,6.9,7.48,7.84,7.91,0,178,1.48,8.5,1,"S. Perez"
"Mike Zunino","C","SEA","@LAA","R",8,2200,7.95,1.24,0,10.58,7.45,7.9,NA,7.8,6.98,7.97,6.94,0,104,0.18,8.5,1.05,"M. Zunino"
"Andrelton Simmons","SS","LAA","SEA","R",7,2700,7.94,1.1,0,9.84,8.14,7.4,NA,8.6,6.3,7.78,7.49,0,-114,-0.18,8.5,1.05,"A. Simmons"
"Max Kepler","OF","MIN","@CHW","L",9,2700,7.9,1.35,0,10.5,7.73,7.6,NA,8.5,6.5,7.88,6.59,0,118,0.440000000000001,8,0.98,"M. Kepler"
"Aaron Judge","OF","NYY","@BAL","R",7,2200,7.86,1.32,0,7.08,9.29,NA,NA,6,7.24,9.32,8.24,0,109,0.279999999999999,8.5,0.97,"A. Judge"
"Austin Jackson",NA,NA,NA,NA,NA,NA,7.86,1.19,NA,7.13,9.19,6.2,NA,8.5,NA,8.28,NA,NA,NA,NA,NA,0.96,"A. Jackson"
"Aaron Judge","OF","NYY","@BAL","R",7,2200,7.85,1.32,0,7.08,9.29,NA,NA,6,7.24,9.32,8.17,0,109,0.279999999999999,8.5,0.97,"A. Judge"
"David Freese",NA,NA,NA,NA,NA,NA,7.79,0.98,NA,NA,8.48,7.1,NA,NA,NA,NA,NA,NA,NA,NA,NA,NA,NA
"Freddy Galvis","SS","PHI","WAS","S",8,2600,7.77,1.48,0,10.36,7.05,7.7,NA,9,5.91,6.82,7.52,0,147,0.86,7.5,1,"F. Galvis"
"Mark Canha","OF","OAK","@TEX","R",7,0,7.76,1.05,0,NA,8.79,NA,NA,7.8,6.69,NA,NA,0,-115,-0.24,9.5,NA,"M. Canha"
"Zack Cozart","SS","CIN","@STL","R",7,2900,7.75,1.08,0,9.87,7.57,7,NA,8.5,6.83,7.14,7.37,0,172,1.3,8,1.02,"Z. Cozart"
"Norichika Aoki","OF","HOU","KCR","L",9,2700,7.73,1.55,0,10.23,NA,6.8,NA,NA,6.33,8.16,7.14,0,-190,-1.48,8.5,1,NA
"Danny Espinosa","2B","LAA","SEA","S",8,2700,7.66,1.07,0,9.41,NA,6.6,NA,7.5,6.63,8.3,7.55,0,-114,-0.18,8.5,1.05,"D. Espinosa"
"Derek Dietrich","2B","MIA","@NYM","L",7,2200,7.63,1.11,0,6.2,NA,7.9,NA,8.2,6.75,9.32,7.42,0,156,0.92,7,1.06,"D. Dietrich"
"Cody Asche","OF","CHW","MIN","L",5,2200,7.63,0.92,0,8.08,7.98,6.5,NA,9,6.38,7.8,7.64,0,-128,-0.44,8,0.98,"C. Asche"
"Tyler Collins","OF","DET","BOS","L",6,2200,7.55,0.58,0,8.14,7.3,7.3,NA,6.6,7.66,8.33,7.5,0,102,0.12,7.5,0.99,"T. Collins"
"Jordy Mercer","SS","PIT","ATL","R",6,2100,7.55,1.26,0,9.34,7.92,6.7,NA,8.5,5.54,6.9,7.92,0,-135,-0.56,8,1.04,"J. Mercer"
"Stephen Drew","SS","WAS","@PHI","L",7,2000,7.54,3.42,0,9.31,NA,0.8,NA,10,7.29,9.16,8.7,0,-157,-0.859999999999999,7.5,1,"S. Drew"
"Andrew Toles",NA,NA,NA,NA,NA,NA,7.47,3.48,NA,9.16,NA,9.7,NA,NA,NA,2.28,8.75,NA,NA,NA,NA,0.83,NA
"Paulo Orlando","OF","KCR","@HOU","R",7,2500,7.44,0.72,0,8.38,7.35,7.4,NA,7.6,6.57,8.23,6.55,0,178,1.48,8.5,1,"P. Orlando"
"Kevin Pillar","OF","TOR","@TBR","R",8,2100,7.43,0.62,0,8.66,7.55,7.2,NA,7.4,6.74,7.54,6.92,0,-121,-0.300000000000001,8,1.04,"K. Pillar"
"J.J. Hardy","SS","BAL","NYY","R",8,2300,7.43,0.89,0,9.2,7.33,7.2,NA,7.3,6.69,7.8,6.51,0,-119,-0.279999999999999,8.5,0.97,"J. Hardy"
"Yan Gomes","C","CLE","@ARI","R",6,2200,7.42,3.1,0,9.59,8.65,1.2,NA,NA,7.77,8.67,8.65,0,-187,-1.6,9.5,0.96,NA
"Tyler Collins","OF","DET","BOS","L",6,2200,7.42,0.68,0,8.14,7.3,7.3,NA,6.6,7.66,8.33,6.58,0,102,0.12,7.5,0.99,"T. Collins"
"Matt Adams","1B","STL","CIN","L",4,2400,7.41,3.35,0,6.9,NA,1.3,NA,9.8,7,10.71,8.74,0,-182,-1.3,8,1.02,"M. Adams"
"Joey Gallo","3B","TEX","OAK","L",7,2700,7.38,3.81,0,6.15,7.85,0,NA,6.6,8.86,11.37,10.86,0,105,0.24,9.5,0.94,"J. Gallo"
"Josh Bell","1B","PIT","ATL","S",5,2400,7.37,3.35,0,9.46,9.07,0,NA,9.5,7.4,8.17,8.01,0,-135,-0.56,8,1.04,"J. Bell"
"Adam Lind","1B","WAS","@PHI","L",5,2400,7.34,3.59,0,6.66,NA,0.5,NA,9.5,7.93,10.4,9.04,0,-157,-0.859999999999999,7.5,1,"A. Lind"
"Alcides Escobar","SS","KCR","@HOU","R",8,2200,7.34,1.21,0,9.81,7.04,7,NA,7.9,6.14,6.94,6.55,0,178,1.48,8.5,1,"A. Escobar"
"Keon Broxton","OF","MIL","CHC","R",7,2900,7.33,3.53,0,11.47,8.95,1,NA,NA,6.33,7.75,8.48,0,165,1.2,8,0.96,NA
"Tyler Naquin",NA,NA,NA,NA,NA,NA,7.28,2.86,NA,9.19,NA,8.6,NA,NA,NA,3.03,8.3,NA,NA,NA,NA,0.96,NA
"Ezequiel Carrera","OF","TOR","@TBR","L",9,2600,7.26,0.5,0,7.86,7.55,6.7,NA,7.7,6.73,7.49,6.8,0,-121,-0.300000000000001,8,1.04,"E. Carrera"
"Pablo Sandoval","3B","BOS","@DET","S",8,2500,7.22,0.52,0,7.4,7.21,8.1,NA,6.4,7.2,7.36,6.87,0,-112,-0.12,7.5,0.99,"P. Sandoval"
"Ronald Torreyes","3B","NYY","@BAL","R",9,2200,7.17,0.97,0,6.86,NA,6.7,NA,7.1,6.27,9.06,7.06,0,109,0.279999999999999,8.5,0.97,"R. Torreyes"
"Tyler Saladino",NA,NA,NA,NA,NA,NA,7.12,4.75,NA,9.63,9.57,9.3,NA,NA,NA,0,NA,NA,NA,NA,NA,0.98,NA
"Craig Gentry","OF","BAL","NYY","R",1,0,7.08,1.11,0,NA,NA,NA,NA,6.3,7.87,NA,NA,0,-119,-0.279999999999999,8.5,NA,"C. Gentry"
"Pablo Sandoval","3B","BOS","@DET","S",8,2500,7.08,0.73,0,7.4,7.21,8.1,NA,6.4,7.2,7.36,5.87,0,-112,-0.12,7.5,0.99,"P. Sandoval"
"Carlos Beltran",NA,NA,NA,NA,NA,NA,7.08,5.25,NA,11.94,9.99,6.4,NA,NA,NA,0,NA,NA,NA,NA,NA,1,NA
"Phil Gosselin",NA,NA,NA,NA,NA,NA,7.07,0.66,NA,6.36,NA,NA,NA,NA,NA,7.18,7.67,NA,NA,NA,NA,1.04,NA
"Jett Bandy","C","MIL","CHC","R",8,2300,7.02,0.84,0,7.93,7.43,7,NA,8,5.8,6.18,6.8,0,165,1.2,8,0.96,"J. Bandy"
"Jason Castro","C","MIN","@CHW","L",5,2900,6.98,0.77,0,7.96,NA,6.1,NA,7.9,6.78,6.53,6.61,0,118,0.440000000000001,8,0.98,"J. Castro"
"Ronald Torreyes","3B","NYY","@BAL","R",9,2200,6.98,1.11,0,6.86,NA,6.7,NA,7.1,6.27,9.06,5.89,0,109,0.279999999999999,8.5,0.97,"R. Torreyes"
"Tyler Flowers","C","ATL","@PIT","R",7,2100,6.96,2.95,0,9.84,7.03,0.8,NA,9.2,6.75,7.45,7.67,0,125,0.559999999999999,8,1.04,"T. Flowers"
"Alex Avila","C","DET","BOS","L",7,2300,6.96,0.69,0,8.26,6.88,6.4,NA,7.2,6.07,6.9,7.03,0,102,0.12,7.5,0.99,"A. Avila"
"Willson Contreras",NA,NA,NA,NA,NA,NA,6.94,4.91,NA,6.95,10.11,10.7,NA,NA,NA,0,NA,NA,NA,NA,NA,0.96,NA
"Marwin Gonzalez","1B","HOU","KCR","S",8,2600,6.93,2.64,0,7.79,8.21,1,NA,8.3,7.39,8.12,7.72,0,-190,-1.48,8.5,1,"M. Gonzalez"
"Yandy Diaz","3B","CLE","@ARI","R",8,2300,6.91,3.39,0,5.63,9.4,0,NA,9.3,6.84,7.58,9.62,0,-187,-1.6,9.5,0.96,"Y. Diaz"
"Miguel Montero","C","CHC","@MIL","L",7,2300,6.91,2.96,0,9.05,NA,1.1,NA,7.8,6.66,8.42,8.4,0,-175,-1.2,8,0.96,"M. Montero"
"Martin Maldonado","C","LAA","SEA","R",9,2400,6.9,1.13,0,9.22,6.74,6.4,NA,6.7,5.51,6.93,6.77,0,-114,-0.18,8.5,1.05,"M. Maldonado"
"Gorkys Hernandez","OF","SFG","@SDP","R",1,2000,6.87,2.94,0,4.01,9.5,9.4,NA,8.2,7.62,2.47,NA,0,-155,-0.84,7.5,1.05,"G. Hernandez"
"Marco Hernandez","SS","BOS","@DET","L",9,2100,6.85,1.29,0,5.18,6.97,9.3,NA,6.6,6.44,7.39,6.06,0,-112,-0.12,7.5,0.99,"M. Hernandez"
"Eddie Rosario","OF","MIN","@CHW","L",7,2600,6.84,3.29,0,10.53,6.51,0,NA,8.1,6.77,8.36,7.6,0,118,0.440000000000001,8,0.98,"E. Rosario"
"Raul Mondesi","2B","KCR","@HOU","S",9,2400,6.81,0.79,0,7.52,NA,NA,NA,6.4,6.11,7.81,6.21,0,178,1.48,8.5,1,"R. Mondesi"
"Jose Iglesias","SS","DET","BOS","R",9,2100,6.71,0.4,0,7.36,6.81,6.3,NA,6.5,6.93,6.22,6.85,0,102,0.12,7.5,0.99,"J. Iglesias"
"Matt Joyce",NA,NA,NA,NA,NA,NA,6.68,3.19,NA,9.18,NA,7.1,NA,NA,NA,2.07,8.39,NA,NA,NA,NA,0.94,NA
"Jose Iglesias","SS","DET","BOS","R",9,2100,6.67,0.4,0,7.36,6.81,6.3,NA,6.5,6.93,6.22,6.57,0,102,0.12,7.5,0.99,"J. Iglesias"
"Yulieski Gurriel",NA,NA,NA,NA,NA,NA,6.64,4.43,NA,8.77,9.18,8.6,NA,NA,NA,0,NA,NA,NA,NA,NA,1,NA
"Andrew Romine","SS","DET","BOS","S",8,2000,6.58,0.47,0,6.92,6.74,6.8,NA,5.9,6.17,7.22,6.31,0,102,0.12,7.5,0.99,"A. Romine"
"Chris Iannetta",NA,NA,NA,NA,NA,NA,6.54,2.03,NA,7.87,NA,4.2,NA,NA,NA,7.55,NA,NA,NA,NA,NA,0.96,NA
"Kolten Wong",NA,NA,NA,NA,NA,NA,6.54,4.38,NA,9.24,8.1,8.8,NA,NA,NA,0,NA,NA,NA,NA,NA,1.02,NA
"Jace Peterson","2B","ATL","@PIT","L",8,2200,6.52,2.66,0,8.11,7.15,0.6,NA,8,6.57,7.5,7.72,0,125,0.559999999999999,8,1.04,"J. Peterson"
"Andrew Knapp","C","PHI","WAS","S",7,NA,6.52,0.64,0,NA,6.61,NA,NA,7.1,5.84,NA,NA,0,147,0.86,7.5,NA,"A. Knapp"
"Scott Van Slyke","OF","LAD","@COL","R",5,2600,6.43,4.4,0,5.41,11.75,1.2,NA,9.3,9.3,1.59,NA,0,-126,-0.5,10,0.83,"S. Van"
"Jarrett Parker",NA,NA,NA,NA,NA,NA,6.42,3.89,NA,7.5,NA,0.9,NA,NA,NA,10.04,7.25,NA,NA,NA,NA,1.05,NA
"Delino DeShields","OF","TEX","OAK","R",NA,2000,6.41,3.57,0,5.84,NA,0.6,NA,NA,7.18,9.67,8.78,0,105,0.24,9.5,0.94,NA
"Daniel Robertson","OF","TBR","TOR","R",7,2000,6.4,1.28,0,4.1,NA,7.2,NA,5.8,6.78,7.6,6.91,0,111,0.3,8,1.04,"D. Robertson"
"Ryan Zimmerman",NA,NA,NA,NA,NA,NA,6.4,4.53,NA,6.62,10.38,8.6,NA,NA,NA,0,NA,NA,NA,NA,NA,1,NA
"Jon Jay","OF","CHC","@MIL","L",9,3000,6.39,2.85,0,9.27,NA,0.9,NA,7.5,6.72,6.83,7.13,0,-175,-1.2,8,0.96,"J. Jay"
"Travis d'Arnaud","C","NYM","MIA","R",8,2500,6.33,2.65,0,NA,7.79,1,NA,7.5,6.71,7.96,7.03,0,-166,-0.92,7,NA,"T. d'Arnaud"
"Aaron Hill","3B","SFG","@SDP","R",8,2500,6.27,2.38,0,6.22,NA,6.7,NA,8.1,8.05,2.27,NA,0,-155,-0.84,7.5,1.05,"A. Hill"
"Daniel Santana",NA,NA,NA,NA,NA,NA,6.26,0,NA,6.26,NA,NA,NA,NA,NA,NA,NA,NA,NA,NA,NA,0.98,NA
"Jacob Marisnick",NA,NA,NA,NA,NA,NA,6.22,0,NA,6.22,NA,NA,NA,NA,NA,NA,NA,NA,NA,NA,NA,1,NA
"Jefry Marte",NA,NA,NA,NA,NA,NA,6.18,4.47,NA,8.72,8.24,0.2,NA,10.9,NA,2.85,NA,NA,NA,NA,NA,1.05,"J. Marte"
"Abraham Almonte",NA,NA,NA,NA,NA,NA,6.16,4.02,NA,7.84,NA,1.4,NA,10.6,NA,2.43,8.52,NA,NA,NA,NA,0.96,"A. Almonte"
"Jackie Bradley",NA,NA,NA,NA,NA,NA,6.15,4.12,NA,7.61,NA,1.5,NA,NA,NA,NA,9.34,NA,NA,NA,NA,0.99,NA
"Austin Hedges","C","SDP","SFG","R",7,2000,6.09,1.25,0,4.84,6.72,5.8,NA,4.8,6.23,8.46,5.8,0,145,0.84,7.5,1.05,"A. Hedges"
"Matt Wieters",NA,NA,NA,NA,NA,NA,6.08,4.09,NA,7.4,8.72,8.2,NA,NA,NA,0,NA,NA,NA,NA,NA,1,NA
"Jesus Sucre","C","TBR","TOR","R",9,0,5.97,0.08,0,NA,5.88,NA,NA,6,6.02,NA,NA,0,111,0.3,8,NA,"J. Sucre"
"Chris Marrero","1B","SFG","@SDP","R",7,2200,5.92,3.38,0,0,8.16,7,NA,8,6.42,NA,NA,0,-155,-0.84,7.5,1.05,"C. Marrero"
"Adam Rosales","2B","OAK","@TEX","R",9,2200,5.9,4.07,0,8.28,8.14,0.3,NA,10.7,6.27,1.7,NA,0,-115,-0.24,9.5,0.94,"A. Rosales"
"Josh Harrison",NA,NA,NA,NA,NA,NA,5.85,3.99,NA,6.62,8.47,8.3,NA,NA,NA,0,NA,NA,NA,NA,NA,1.04,NA
"Caleb Joseph","C","BAL","NYY","R",9,2200,5.82,0.64,0,5.19,NA,4.9,NA,6.2,6.15,6.57,5.91,0,-119,-0.279999999999999,8.5,0.97,"C. Joseph"
"Hernan Perez","OF","MIL","CHC","R",6,2200,5.8,3.19,0,8.32,NA,1.2,NA,NA,6.23,7.46,NA,0,165,1.2,8,0.96,NA
"Jose Lobaton","C","WAS","@PHI","S",8,2000,5.74,2.76,0,7.07,NA,0.2,NA,7.7,6.24,6.7,6.5,0,-157,-0.859999999999999,7.5,1,"J. Lobaton"
"Adeiny Hechavarria","SS","MIA","@NYM","R",8,2100,5.72,0.74,0,6.35,5.99,5.8,NA,4.8,4.68,6.68,5.71,0,156,0.92,7,1.06,"A. Hechavarria"
"Jacob May","OF","CHW","MIN","S",9,2000,5.63,2.53,0,3.48,7.47,0.9,NA,7.9,6.27,6.97,6.41,0,-128,-0.44,8,0.98,"J. May"
"Erick Aybar","SS","SDP","SFG","S",8,2100,5.54,2.48,0,6.29,6.43,0,NA,6.4,5.73,7.26,6.65,0,145,0.84,7.5,1.05,"E. Aybar"
"Hanley Ramirez",NA,NA,NA,NA,NA,NA,5.54,4.58,NA,NA,NA,2.3,NA,NA,NA,NA,8.78,NA,NA,NA,NA,NA,NA
"Ryan Rua","OF","TEX","OAK","R",8,2000,5.5,3.27,0,5.68,8.59,0.7,NA,8,7.69,2.36,NA,0,105,0.24,9.5,0.94,"R. Rua"
"Francisco Cervelli",NA,NA,NA,NA,NA,NA,5.45,3.73,NA,6.11,8.09,7.6,NA,NA,NA,0,NA,NA,NA,NA,NA,1.04,NA
"Dustin Garneau","C","COL","LAD","R",8,2800,5.39,3.38,0,4.61,NA,1,NA,8.7,7.24,NA,NA,0,116,0.5,10,0.83,"D. Garneau"
"Geovany Soto",NA,NA,NA,NA,NA,NA,5.39,4.67,NA,7.96,NA,8.2,NA,NA,NA,0,NA,NA,NA,NA,NA,0.98,NA
"Stephen Piscotty",NA,NA,NA,NA,NA,NA,5.33,6.12,NA,NA,9.66,1,NA,NA,NA,NA,NA,NA,NA,NA,NA,NA,NA
"Omar Narvaez","C","CHW","MIN","L",8,2000,5.28,2.35,0,4.76,6.57,0.2,NA,7,6.07,6.33,6.06,0,-128,-0.44,8,0.98,"O. Narvaez"
"Tucker Barnhart","C","CIN","@STL","S",8,2100,5.22,2.98,0,6.93,6.96,6.7,NA,NA,5.49,0,NA,0,172,1.3,8,1.02,NA
"Wilmer Flores","3B","NYM","MIA","R",NA,2500,5.14,4.37,0,9.24,NA,0.4,NA,NA,8.43,2.48,NA,0,-166,-0.92,7,1.06,NA
"Jeff Mathis","C","ARI","CLE","R",8,2100,5.11,1.38,0,5.17,6.26,5.5,NA,5.8,4.91,2.17,5.96,0,176,1.6,9.5,0.96,"J. Mathis"
"Cameron Rupp",NA,NA,NA,NA,NA,NA,5.08,4.42,NA,7.25,NA,8,NA,NA,NA,0,NA,NA,NA,NA,NA,1,NA
"Josh Phegley","C","OAK","@TEX","R",8,2000,5.06,3.22,0,5.18,8.09,0.2,NA,7.7,6.99,2.19,NA,0,-115,-0.24,9.5,0.94,"J. Phegley"
"Chase dArnaud",NA,NA,NA,NA,NA,NA,5.01,0,NA,5.01,NA,NA,NA,NA,NA,NA,NA,NA,NA,NA,NA,1.04,NA
"Enrique Hernandez","OF","LAD","@COL","R",7,3100,4.99,4.09,0,7.91,NA,1.3,NA,NA,9.1,1.64,NA,0,-126,-0.5,10,0.83,NA
"Albert Almora",NA,NA,NA,NA,NA,NA,4.8,4.9,NA,4.6,NA,9.8,NA,NA,NA,0,NA,NA,NA,NA,NA,0.96,NA
"Chris Stewart","C","PIT","ATL","R",8,2000,4.74,2.61,0,NA,NA,0.1,NA,6.1,6.06,5.46,5.99,0,-135,-0.56,8,NA,"C. Stewart"
"Orlando Arcia",NA,NA,NA,NA,NA,NA,4.74,4.38,NA,8.97,7.47,0,NA,NA,NA,0,7.27,NA,NA,NA,NA,0.96,NA
"Philip Gosselin","2B","PIT","ATL","R",7,2000,4.7,4.08,0,NA,NA,0,NA,7.3,6.79,NA,NA,0,-135,-0.56,8,NA,"P. Gosselin"
"Austin Barnes",NA,NA,NA,NA,NA,NA,4.69,3.21,NA,3.61,NA,8.3,NA,NA,NA,2.17,NA,NA,NA,NA,NA,0.83,NA
"Kurt Suzuki",NA,NA,NA,NA,NA,NA,4.66,4.14,NA,6.09,NA,7.9,NA,NA,NA,0,NA,NA,NA,NA,NA,1.04,NA
"Jurickson Profar",NA,NA,NA,NA,NA,NA,4.65,1.74,NA,5.81,NA,5.5,NA,NA,NA,2.65,NA,NA,NA,NA,NA,0.94,NA
"Jacoby Ellsbury",NA,NA,NA,NA,NA,NA,4.6,4.58,NA,7.33,NA,1.5,NA,NA,NA,0,9.56,NA,NA,NA,NA,0.97,NA
"Javier Baez",NA,NA,NA,NA,NA,NA,4.53,4.67,NA,6.92,9.89,1.3,NA,NA,NA,0,NA,NA,NA,NA,NA,0.96,NA
"Jeremy Hazelbaker",NA,NA,NA,NA,NA,NA,4.53,4.19,NA,5.48,NA,0.5,NA,10,NA,2.15,NA,NA,NA,NA,NA,0.96,"J. Hazelbaker"
"Welington Castillo",NA,NA,NA,NA,NA,NA,4.53,4.27,NA,7.7,8.61,1.8,NA,NA,NA,0,NA,NA,NA,NA,NA,0.97,NA
"Rene Rivera",NA,NA,NA,NA,NA,NA,4.49,2.51,NA,5.98,NA,5.9,NA,NA,NA,1.6,NA,NA,NA,NA,NA,1.06,NA
"Cheslor Cuthbert",NA,NA,NA,NA,NA,NA,4.43,3.83,NA,6.68,NA,6.6,NA,NA,NA,0,NA,NA,NA,NA,NA,1,NA
"Eduardo Escobar",NA,NA,NA,NA,NA,NA,4.41,3.83,NA,6.84,NA,6.4,NA,NA,NA,0,NA,NA,NA,NA,NA,0.98,NA
"Carlos Sanchez","2B","CHW","MIN","S",7,0,4.4,3.17,0,1.8,NA,0.2,NA,6.2,6.58,NA,7.2,0,-128,-0.44,8,0.98,"C. Sanchez"
"Xander Bogaerts",NA,NA,NA,NA,NA,NA,4.25,6.01,NA,NA,NA,NA,NA,NA,NA,0,8.5,NA,NA,NA,NA,NA,NA
"Roberto Perez",NA,NA,NA,NA,NA,NA,4.2,3.72,NA,6.64,NA,0.2,NA,8,NA,1.96,NA,NA,NA,NA,NA,0.96,"R. Perez"
"Stuart Turner",NA,NA,NA,NA,NA,NA,4.17,3.38,NA,2.83,NA,0,NA,NA,NA,6.87,6.97,NA,NA,NA,NA,1.02,NA
"Ben Revere","OF","LAA","SEA","L",NA,2000,4.13,2.84,0,6.03,NA,0.9,NA,NA,6.96,2.65,NA,0,-114,-0.18,8.5,1.05,NA
"Daniel Descalso",NA,NA,NA,NA,NA,NA,4,4.25,NA,7.01,NA,1,NA,NA,NA,NA,NA,NA,NA,NA,NA,0.96,NA
"Joey Rickard",NA,NA,NA,NA,NA,NA,4,4.11,NA,5.13,9.26,1.6,NA,NA,NA,0,NA,NA,NA,NA,NA,0.97,NA
"James McCann",NA,NA,NA,NA,NA,NA,3.92,3.96,NA,6.18,NA,1.2,NA,NA,NA,0,8.29,NA,NA,NA,NA,0.99,NA
"Chase Utley",NA,NA,NA,NA,NA,NA,3.87,3.51,NA,7.7,NA,0.8,NA,NA,NA,3.12,NA,NA,NA,NA,NA,0.83,NA
"Collin McHugh",NA,NA,NA,NA,NA,NA,3.7,0,NA,NA,NA,3.7,NA,NA,NA,NA,NA,NA,NA,NA,NA,NA,NA
"Tyler Duffey",NA,NA,NA,NA,NA,NA,3.7,0,NA,NA,NA,3.7,NA,NA,NA,NA,NA,NA,NA,NA,NA,NA,NA
"Guillermo Heredia","OF","SEA","@LAA","R",9,2000,3.67,2.71,0,4.78,NA,0.7,NA,NA,6.87,2.33,NA,0,104,0.18,8.5,1.05,NA
"Nick Hundley",NA,NA,NA,NA,NA,NA,3.62,3.97,NA,7.97,NA,0.2,NA,NA,NA,2.68,NA,NA,NA,NA,NA,1.05,NA
"Seung Hwan Oh",NA,NA,NA,NA,NA,NA,3.6,0,NA,NA,NA,NA,NA,3.6,NA,NA,NA,NA,NA,NA,NA,NA,"S. Oh"
"Ken Giles",NA,NA,NA,NA,NA,NA,3.6,0,NA,NA,NA,NA,NA,3.6,NA,NA,NA,NA,NA,NA,NA,NA,"K. Giles"
"Mike Montgomery",NA,NA,NA,NA,NA,NA,3.5,0,NA,NA,NA,3.5,NA,NA,NA,NA,NA,NA,NA,NA,NA,NA,NA
"Tim Beckham",NA,NA,NA,NA,NA,NA,3.48,4.05,NA,6.35,NA,0,NA,NA,NA,0,7.57,NA,NA,NA,NA,1.04,NA
"Derek Norris",NA,NA,NA,NA,NA,NA,3.46,3.3,NA,5.87,NA,1.3,NA,NA,NA,0,6.65,NA,NA,NA,NA,1.04,NA
"Robinson Chirinos",NA,NA,NA,NA,NA,NA,3.41,3.71,NA,7.47,NA,0.2,NA,NA,NA,2.55,NA,NA,NA,NA,NA,0.94,NA
"Thomas La Stella",NA,NA,NA,NA,NA,NA,3.36,0,NA,3.36,NA,NA,NA,NA,NA,NA,NA,NA,NA,NA,NA,0.96,NA
"Miguel Rojas",NA,NA,NA,NA,NA,NA,3.3,3.07,NA,3.91,NA,0.8,NA,7.4,NA,1.1,NA,NA,NA,NA,NA,1.06,"M. Rojas"
"Archie Bradley",NA,NA,NA,NA,NA,NA,3.3,0,NA,NA,NA,3.3,NA,NA,NA,NA,NA,NA,NA,NA,NA,NA,NA
"Leury Garcia",NA,NA,NA,NA,NA,NA,3.25,3.68,NA,4.11,8.08,0.8,NA,NA,NA,0,NA,NA,NA,NA,NA,0.98,NA
"Luis Sardinas",NA,NA,NA,NA,NA,NA,3.22,3.79,NA,7.48,NA,0.2,NA,NA,NA,1.99,NA,NA,NA,NA,NA,1.05,NA
"Andrew Miller",NA,NA,NA,NA,NA,NA,3.2,0,NA,NA,NA,3.2,NA,NA,NA,NA,NA,NA,NA,NA,NA,NA,NA
"Dellin Betances",NA,NA,NA,NA,NA,NA,3.2,0,NA,NA,NA,3.2,NA,NA,NA,NA,NA,NA,NA,NA,NA,NA,NA
"Wilmer Difo",NA,NA,NA,NA,NA,NA,3.19,4.29,NA,3.37,9.2,0.2,NA,NA,NA,0,NA,NA,NA,NA,NA,1,NA
"JaCoby Jones",NA,NA,NA,NA,NA,NA,3.15,3.26,NA,3.03,NA,1.9,NA,NA,NA,0,7.66,NA,NA,NA,NA,0.99,NA
"Michael Conforto",NA,NA,NA,NA,NA,NA,3.11,2.66,NA,5.82,NA,0.5,NA,NA,NA,3.01,NA,NA,NA,NA,NA,1.06,NA
"Aroldis Chapman",NA,NA,NA,NA,NA,NA,3.1,0,NA,NA,NA,NA,NA,3.1,NA,NA,NA,NA,NA,NA,NA,NA,"A. Chapman"
"Cody Allen",NA,NA,NA,NA,NA,NA,3,0.57,NA,NA,NA,2.6,NA,3.4,NA,NA,NA,NA,NA,NA,NA,NA,"C. Allen"
"Kenley Jansen",NA,NA,NA,NA,NA,NA,3,0.85,NA,NA,NA,2.4,NA,3.6,NA,NA,NA,NA,NA,NA,NA,NA,"K. Jansen"
"Alex Colome",NA,NA,NA,NA,NA,NA,3,0,NA,NA,NA,NA,NA,3,NA,NA,NA,NA,NA,NA,NA,NA,"A. Colome"
"Conor Gillaspie",NA,NA,NA,NA,NA,NA,2.94,3.15,NA,6.47,NA,0.4,NA,NA,NA,1.96,NA,NA,NA,NA,NA,1.05,NA
"Chris Gimenez",NA,NA,NA,NA,NA,NA,2.93,3.5,NA,4.76,6.96,0,NA,NA,NA,0,NA,NA,NA,NA,NA,0.98,NA
"Edwin Diaz",NA,NA,NA,NA,NA,NA,2.9,0.42,NA,NA,NA,2.6,NA,3.2,NA,NA,NA,NA,NA,NA,NA,NA,"E. Diaz"
"Nick Ahmed",NA,NA,NA,NA,NA,NA,2.86,2.6,NA,5.75,NA,0.7,NA,NA,NA,2.12,NA,NA,NA,NA,NA,0.96,NA
"Zach Britton",NA,NA,NA,NA,NA,NA,2.85,0.64,NA,NA,NA,2.4,NA,3.3,NA,NA,NA,NA,NA,NA,NA,NA,"Z. Britton"
"German Marquez",NA,NA,NA,NA,NA,NA,2.8,0,NA,NA,NA,2.8,NA,NA,NA,NA,NA,NA,NA,NA,NA,NA,NA
"Anibal Sanchez",NA,NA,NA,NA,NA,NA,2.8,0,NA,NA,NA,2.8,NA,NA,NA,NA,NA,NA,NA,NA,NA,NA,NA
"Carlos Ruiz",NA,NA,NA,NA,NA,NA,2.78,3.01,NA,6.09,NA,0.2,NA,NA,NA,2.06,NA,NA,NA,NA,NA,1.05,NA
"Scooter Gennett",NA,NA,NA,NA,NA,NA,2.78,3.98,NA,7.34,NA,1,NA,NA,NA,0,NA,NA,NA,NA,NA,1.02,NA
"Kirk Nieuwenhuis",NA,NA,NA,NA,NA,NA,2.77,3.81,NA,7.11,NA,1.2,NA,NA,NA,0,NA,NA,NA,NA,NA,0.96,NA
"Steve Pearce",NA,NA,NA,NA,NA,NA,2.75,3.48,NA,6.66,NA,1.6,NA,NA,NA,0,NA,NA,NA,NA,NA,1.04,NA
"Craig Kimbrel",NA,NA,NA,NA,NA,NA,2.75,0.64,NA,NA,NA,2.3,NA,3.2,NA,NA,NA,NA,NA,NA,NA,NA,"C. Kimbrel"
"Kyle Barraclough",NA,NA,NA,NA,NA,NA,2.7,0,NA,NA,NA,2.7,NA,NA,NA,NA,NA,NA,NA,NA,NA,NA,NA
"David Robertson",NA,NA,NA,NA,NA,NA,2.7,0.42,NA,NA,NA,2.4,NA,3,NA,NA,NA,NA,NA,NA,NA,NA,"D. Robertson"
"T.J. Rivera",NA,NA,NA,NA,NA,NA,2.66,2.46,NA,5.34,NA,0.5,NA,NA,NA,2.13,NA,NA,NA,NA,NA,1.06,NA
"Nick Franklin",NA,NA,NA,NA,NA,NA,2.63,4.39,NA,7.7,NA,0.2,NA,NA,NA,0,NA,NA,NA,NA,NA,0.96,NA
"Seth Smith",NA,NA,NA,NA,NA,NA,2.6,3.22,NA,6.2,NA,1.6,NA,NA,NA,0,NA,NA,NA,NA,NA,0.97,NA
"Jarred Cosart",NA,NA,NA,NA,NA,NA,2.6,0,NA,NA,NA,2.6,NA,NA,NA,NA,NA,NA,NA,NA,NA,NA,NA
"Bryan Mitchell",NA,NA,NA,NA,NA,NA,2.6,0,NA,NA,NA,2.6,NA,NA,NA,NA,NA,NA,NA,NA,NA,NA,NA
"Seung-Hwan Oh",NA,NA,NA,NA,NA,NA,2.6,0,NA,NA,NA,2.6,NA,NA,NA,NA,NA,NA,NA,NA,NA,NA,NA
"Brad Hand",NA,NA,NA,NA,NA,NA,2.6,0,NA,NA,NA,2.6,NA,NA,NA,NA,NA,NA,NA,NA,NA,NA,NA
"Wade Davis",NA,NA,NA,NA,NA,NA,2.6,0.42,NA,NA,NA,2.3,NA,2.9,NA,NA,NA,NA,NA,NA,NA,NA,"W. Davis"
"Kenneth Giles",NA,NA,NA,NA,NA,NA,2.5,0,NA,NA,NA,2.5,NA,NA,NA,NA,NA,NA,NA,NA,NA,NA,NA
"Aaron Altherr",NA,NA,NA,NA,NA,NA,2.46,3.59,NA,6.58,NA,0.8,NA,NA,NA,0,NA,NA,NA,NA,NA,1,NA
"A.J. Ellis",NA,NA,NA,NA,NA,NA,2.43,2.62,NA,5.26,NA,0.1,NA,NA,NA,1.92,NA,NA,NA,NA,NA,1.06,NA
"Rickie Weeks",NA,NA,NA,NA,NA,NA,2.42,2.92,NA,5.67,NA,1.6,NA,NA,NA,0,NA,NA,NA,NA,NA,1.04,NA
"Cristhian Adames",NA,NA,NA,NA,NA,NA,2.41,2.51,NA,5.14,NA,0.2,NA,NA,NA,1.88,NA,NA,NA,NA,NA,0.83,NA
"Ichiro Suzuki",NA,NA,NA,NA,NA,NA,2.41,2.54,NA,5.27,NA,0.4,NA,NA,NA,1.56,NA,NA,NA,NA,NA,1.06,NA
"Peter Bourjos",NA,NA,NA,NA,NA,NA,2.41,3.04,NA,5.82,NA,1.4,NA,NA,NA,0,NA,NA,NA,NA,NA,1.04,NA
"Brad Brach",NA,NA,NA,NA,NA,NA,2.4,0,NA,NA,NA,2.4,NA,NA,NA,NA,NA,NA,NA,NA,NA,NA,NA
"Gary Sanchez",NA,NA,NA,NA,NA,NA,2.4,0,NA,NA,NA,2.4,NA,NA,NA,NA,NA,NA,NA,NA,NA,NA,NA
"Mychal Antonio Givens",NA,NA,NA,NA,NA,NA,2.4,0,NA,NA,NA,2.4,NA,NA,NA,NA,NA,NA,NA,NA,NA,NA,NA
"Neftali Feliz",NA,NA,NA,NA,NA,NA,2.4,0,NA,NA,NA,NA,NA,2.4,NA,NA,NA,NA,NA,NA,NA,NA,"N. Feliz"
"Tony Watson",NA,NA,NA,NA,NA,NA,2.35,0.35,NA,NA,NA,2.1,NA,2.6,NA,NA,NA,NA,NA,NA,NA,NA,"T. Watson"
"Mark Melancon",NA,NA,NA,NA,NA,NA,2.35,0.35,NA,NA,NA,2.1,NA,2.6,NA,NA,NA,NA,NA,NA,NA,NA,"M. Melancon"
"Alexi Amarista",NA,NA,NA,NA,NA,NA,2.34,2.26,NA,4.83,NA,0.4,NA,NA,NA,1.8,NA,NA,NA,NA,NA,0.83,NA
"Felipe Rivero",NA,NA,NA,NA,NA,NA,2.3,0,NA,NA,NA,2.3,NA,NA,NA,NA,NA,NA,NA,NA,NA,NA,NA
"Trevor Williams",NA,NA,NA,NA,NA,NA,2.3,0,NA,NA,NA,2.3,NA,NA,NA,NA,NA,NA,NA,NA,NA,NA,NA
"David Phelps",NA,NA,NA,NA,NA,NA,2.3,0,NA,NA,NA,2.3,NA,NA,NA,NA,NA,NA,NA,NA,NA,NA,NA
"Hector Neris",NA,NA,NA,NA,NA,NA,2.3,0,NA,NA,NA,2.3,NA,NA,NA,NA,NA,NA,NA,NA,NA,NA,NA
"Ty Blach",NA,NA,NA,NA,NA,NA,2.3,0,NA,NA,NA,2.3,NA,NA,NA,NA,NA,NA,NA,NA,NA,NA,NA
"Juan Nicasio",NA,NA,NA,NA,NA,NA,2.3,0,NA,NA,NA,2.3,NA,NA,NA,NA,NA,NA,NA,NA,NA,NA,NA
"Matt Bush",NA,NA,NA,NA,NA,NA,2.3,0,NA,NA,NA,2.3,NA,NA,NA,NA,NA,NA,NA,NA,NA,NA,NA
"Adam Ottavino",NA,NA,NA,NA,NA,NA,2.3,0.85,NA,NA,NA,1.7,NA,2.9,NA,NA,NA,NA,NA,NA,NA,NA,"A. Ottavino"
"Brock Holt",NA,NA,NA,NA,NA,NA,2.27,2.96,NA,5.62,NA,1.2,NA,NA,NA,0,NA,NA,NA,NA,NA,0.99,NA
"Hyun-Soo Kim",NA,NA,NA,NA,NA,NA,2.27,2.81,NA,5.42,NA,1.4,NA,NA,NA,0,NA,NA,NA,NA,NA,0.97,NA
"Kelvin Herrera",NA,NA,NA,NA,NA,NA,2.25,0.07,NA,NA,NA,2.3,NA,2.2,NA,NA,NA,NA,NA,NA,NA,NA,"K. Herrera"
"Jarrod Saltalamacchia",NA,NA,NA,NA,NA,NA,2.21,2.63,NA,5.12,NA,1.5,NA,NA,NA,0,NA,NA,NA,NA,NA,1.04,NA
"A.J. Ramos",NA,NA,NA,NA,NA,NA,2.2,0.14,NA,NA,NA,2.3,NA,2.1,NA,NA,NA,NA,NA,NA,NA,NA,"A. Ramos"
"Michael Lorenzen",NA,NA,NA,NA,NA,NA,2.2,0,NA,NA,NA,2.2,NA,NA,NA,NA,NA,NA,NA,NA,NA,NA,NA
"Shawn Kelley",NA,NA,NA,NA,NA,NA,2.2,0,NA,NA,NA,2.2,NA,NA,NA,NA,NA,NA,NA,NA,NA,NA,NA
"Addison Reed",NA,NA,NA,NA,NA,NA,2.2,0,NA,NA,NA,2.2,NA,NA,NA,NA,NA,NA,NA,NA,NA,NA,NA
"Alexander Colome",NA,NA,NA,NA,NA,NA,2.2,0,NA,NA,NA,2.2,NA,NA,NA,NA,NA,NA,NA,NA,NA,NA,NA
"Jose Urena",NA,NA,NA,NA,NA,NA,2.2,0,NA,NA,NA,2.2,NA,NA,NA,NA,NA,NA,NA,NA,NA,NA,NA
"Nate Jones",NA,NA,NA,NA,NA,NA,2.2,0,NA,NA,NA,2.2,NA,NA,NA,NA,NA,NA,NA,NA,NA,NA,NA
"Francisco Rodriguez",NA,NA,NA,NA,NA,NA,2.2,0,NA,NA,NA,NA,NA,2.2,NA,NA,NA,NA,NA,NA,NA,NA,"F. Rodriguez"
"Fernando Rodney",NA,NA,NA,NA,NA,NA,2.2,0,NA,NA,NA,NA,NA,2.2,NA,NA,NA,NA,NA,NA,NA,NA,"F. Rodney"
"Jabari Blash",NA,NA,NA,NA,NA,NA,2.19,2.81,NA,4.18,NA,0.2,NA,NA,NA,NA,NA,NA,NA,NA,NA,1.05,NA
"John Jaso",NA,NA,NA,NA,NA,NA,2.16,2.84,NA,5.37,NA,1.1,NA,NA,NA,0,NA,NA,NA,NA,NA,1.04,NA
"Tyler Goeddel",NA,NA,NA,NA,NA,NA,2.15,3.04,NA,4.3,NA,0,NA,NA,NA,NA,NA,NA,NA,NA,NA,1.02,NA
"Raisel Iglesias",NA,NA,NA,NA,NA,NA,2.15,0.21,NA,NA,NA,2.3,NA,2,NA,NA,NA,NA,NA,NA,NA,NA,"R. Iglesias"
"Cliff Pennington",NA,NA,NA,NA,NA,NA,2.13,2.38,NA,4.79,NA,0.2,NA,NA,NA,1.4,NA,NA,NA,NA,NA,1.05,NA
"Kevin Siegrist",NA,NA,NA,NA,NA,NA,2.1,0,NA,NA,NA,2.1,NA,NA,NA,NA,NA,NA,NA,NA,NA,NA,NA
"Hector Rondon",NA,NA,NA,NA,NA,NA,2.1,0,NA,NA,NA,2.1,NA,NA,NA,NA,NA,NA,NA,NA,NA,NA,NA
"Cameron Bedrosian",NA,NA,NA,NA,NA,NA,2.1,0,NA,NA,NA,2.1,NA,NA,NA,NA,NA,NA,NA,NA,NA,NA,NA
"J.C. Ramirez",NA,NA,NA,NA,NA,NA,2.1,0,NA,NA,NA,2.1,NA,NA,NA,NA,NA,NA,NA,NA,NA,NA,NA
"Adam Warren",NA,NA,NA,NA,NA,NA,2.1,0,NA,NA,NA,2.1,NA,NA,NA,NA,NA,NA,NA,NA,NA,NA,NA
"Robert Stephenson",NA,NA,NA,NA,NA,NA,2.1,0,NA,NA,NA,2.1,NA,NA,NA,NA,NA,NA,NA,NA,NA,NA,NA
"Jason Grilli",NA,NA,NA,NA,NA,NA,2.1,0,NA,NA,NA,2.1,NA,NA,NA,NA,NA,NA,NA,NA,NA,NA,NA
"C.J. Edwards",NA,NA,NA,NA,NA,NA,2.1,0,NA,NA,NA,2.1,NA,NA,NA,NA,NA,NA,NA,NA,NA,NA,NA
"Brandon Maurer",NA,NA,NA,NA,NA,NA,2.1,0,NA,NA,NA,2.1,NA,2.1,NA,NA,NA,NA,NA,NA,NA,NA,"B. Maurer"
"Christian Vazquez",NA,NA,NA,NA,NA,NA,2.06,2.46,NA,4.78,NA,1.4,NA,NA,NA,0,NA,NA,NA,NA,NA,0.99,NA
"Koda Glover",NA,NA,NA,NA,NA,NA,2.05,0.21,NA,NA,NA,1.9,NA,2.2,NA,NA,NA,NA,NA,NA,NA,NA,"K. Glover"
"Jim Johnson",NA,NA,NA,NA,NA,NA,2.05,0.21,NA,NA,NA,1.9,NA,2.2,NA,NA,NA,NA,NA,NA,NA,NA,"J. Johnson"
"Ryan Flaherty",NA,NA,NA,NA,NA,NA,2.03,2.35,NA,4.6,NA,1.5,NA,NA,NA,0,NA,NA,NA,NA,NA,0.97,NA
"Drew Butera",NA,NA,NA,NA,NA,NA,2.01,3.3,NA,5.82,NA,0.2,NA,NA,NA,0,NA,NA,NA,NA,NA,1,NA
"Michael Taylor",NA,NA,NA,NA,NA,NA,2.01,3.48,NA,6.02,NA,0,NA,NA,NA,0,NA,NA,NA,NA,NA,1,NA
"Darwin Barney",NA,NA,NA,NA,NA,NA,2,2.43,NA,4.71,NA,1.3,NA,NA,NA,0,NA,NA,NA,NA,NA,1.04,NA
"Matt Szczur",NA,NA,NA,NA,NA,NA,2,2.84,NA,4.01,NA,NA,NA,NA,NA,0,NA,NA,NA,NA,NA,0.96,NA
"Joe Biagini",NA,NA,NA,NA,NA,NA,2,0,NA,NA,NA,2,NA,NA,NA,NA,NA,NA,NA,NA,NA,NA,NA
"Grant Dayton",NA,NA,NA,NA,NA,NA,2,0,NA,NA,NA,2,NA,NA,NA,NA,NA,NA,NA,NA,NA,NA,NA
"Darren O'Day",NA,NA,NA,NA,NA,NA,2,0,NA,NA,NA,2,NA,NA,NA,NA,NA,NA,NA,NA,NA,NA,NA
"Corey Knebel",NA,NA,NA,NA,NA,NA,2,0,NA,NA,NA,2,NA,NA,NA,NA,NA,NA,NA,NA,NA,NA,NA
"Ryan Pressly",NA,NA,NA,NA,NA,NA,2,0,NA,NA,NA,2,NA,NA,NA,NA,NA,NA,NA,NA,NA,NA,NA
"Blake Treinen",NA,NA,NA,NA,NA,NA,2,0,NA,NA,NA,2,NA,NA,NA,NA,NA,NA,NA,NA,NA,NA,NA
"Ryan Buchter",NA,NA,NA,NA,NA,NA,2,0,NA,NA,NA,2,NA,NA,NA,NA,NA,NA,NA,NA,NA,NA,NA
"Tyler Clippard",NA,NA,NA,NA,NA,NA,2,0,NA,NA,NA,2,NA,NA,NA,NA,NA,NA,NA,NA,NA,NA,NA
"Brad Peacock",NA,NA,NA,NA,NA,NA,2,0,NA,NA,NA,2,NA,NA,NA,NA,NA,NA,NA,NA,NA,NA,NA
"Justin Wilson",NA,NA,NA,NA,NA,NA,2,0,NA,NA,NA,2,NA,NA,NA,NA,NA,NA,NA,NA,NA,NA,NA
"Ryan Madson",NA,NA,NA,NA,NA,NA,2,0,NA,NA,NA,NA,NA,2,NA,NA,NA,NA,NA,NA,NA,NA,"R. Madson"
"Taylor Motter",NA,NA,NA,NA,NA,NA,1.93,2.11,NA,4.19,NA,0,NA,NA,NA,1.61,NA,NA,NA,NA,NA,1.05,NA
"Luke Maile",NA,NA,NA,NA,NA,NA,1.91,2.7,NA,3.82,NA,0,NA,NA,NA,NA,NA,NA,NA,NA,NA,1.04,NA
"Mikie Mahtook",NA,NA,NA,NA,NA,NA,1.9,2.27,NA,4.41,NA,1.3,NA,NA,NA,0,NA,NA,NA,NA,NA,0.99,NA
"Luke Gregerson",NA,NA,NA,NA,NA,NA,1.9,0,NA,NA,NA,1.9,NA,NA,NA,NA,NA,NA,NA,NA,NA,NA,NA
"Pedro Strop",NA,NA,NA,NA,NA,NA,1.9,0,NA,NA,NA,1.9,NA,NA,NA,NA,NA,NA,NA,NA,NA,NA,NA
"Shane Greene",NA,NA,NA,NA,NA,NA,1.9,0,NA,NA,NA,1.9,NA,NA,NA,NA,NA,NA,NA,NA,NA,NA,NA
"Carlos Torres",NA,NA,NA,NA,NA,NA,1.9,0,NA,NA,NA,1.9,NA,NA,NA,NA,NA,NA,NA,NA,NA,NA,NA
"Sammy Solis",NA,NA,NA,NA,NA,NA,1.9,0,NA,NA,NA,1.9,NA,NA,NA,NA,NA,NA,NA,NA,NA,NA,NA
"Arodys Vizcaino",NA,NA,NA,NA,NA,NA,1.9,0,NA,NA,NA,1.9,NA,NA,NA,NA,NA,NA,NA,NA,NA,NA,NA
"Chris Devenski",NA,NA,NA,NA,NA,NA,1.9,0,NA,NA,NA,1.9,NA,NA,NA,NA,NA,NA,NA,NA,NA,NA,NA
"Taylor Rogers",NA,NA,NA,NA,NA,NA,1.9,0,NA,NA,NA,1.9,NA,NA,NA,NA,NA,NA,NA,NA,NA,NA,NA
"Tyler Wilson",NA,NA,NA,NA,NA,NA,1.9,0,NA,NA,NA,1.9,NA,NA,NA,NA,NA,NA,NA,NA,NA,NA,NA
"Liam Hendriks",NA,NA,NA,NA,NA,NA,1.9,0,NA,NA,NA,1.9,NA,NA,NA,NA,NA,NA,NA,NA,NA,NA,NA
"Will Harris",NA,NA,NA,NA,NA,NA,1.9,0,NA,NA,NA,1.9,NA,NA,NA,NA,NA,NA,NA,NA,NA,NA,NA
"Andres Blanco",NA,NA,NA,NA,NA,NA,1.89,2.76,NA,5.06,NA,0.6,NA,NA,NA,0,NA,NA,NA,NA,NA,1,NA
"Greg Garcia",NA,NA,NA,NA,NA,NA,1.88,2.92,NA,5.24,NA,0.4,NA,NA,NA,0,NA,NA,NA,NA,NA,1.02,NA
"Michael Martinez",NA,NA,NA,NA,NA,NA,1.88,2.67,NA,3.77,NA,0,NA,NA,NA,NA,NA,NA,NA,NA,NA,0.96,NA
"Stephen Cardullo",NA,NA,NA,NA,NA,NA,1.84,2.61,NA,3.69,NA,0,NA,NA,NA,NA,NA,NA,NA,NA,NA,0.83,NA
"Sean Doolittle",NA,NA,NA,NA,NA,NA,1.8,0,NA,NA,NA,1.8,NA,NA,NA,NA,NA,NA,NA,NA,NA,NA,NA
"Joe Kelly",NA,NA,NA,NA,NA,NA,1.8,0,NA,NA,NA,1.8,NA,NA,NA,NA,NA,NA,NA,NA,NA,NA,NA
"Brett Cecil",NA,NA,NA,NA,NA,NA,1.8,0,NA,NA,NA,1.8,NA,NA,NA,NA,NA,NA,NA,NA,NA,NA,NA
"Bruce Rondon",NA,NA,NA,NA,NA,NA,1.8,0,NA,NA,NA,1.8,NA,NA,NA,NA,NA,NA,NA,NA,NA,NA,NA
"Erasmo Ramirez",NA,NA,NA,NA,NA,NA,1.8,0,NA,NA,NA,1.8,NA,NA,NA,NA,NA,NA,NA,NA,NA,NA,NA
"Koji Uehara",NA,NA,NA,NA,NA,NA,1.8,0,NA,NA,NA,1.8,NA,NA,NA,NA,NA,NA,NA,NA,NA,NA,NA
"Jhan Marinez",NA,NA,NA,NA,NA,NA,1.8,0,NA,NA,NA,1.8,NA,NA,NA,NA,NA,NA,NA,NA,NA,NA,NA
"Hansel Robles",NA,NA,NA,NA,NA,NA,1.8,0,NA,NA,NA,1.8,NA,NA,NA,NA,NA,NA,NA,NA,NA,NA,NA
"Daniel Hudson",NA,NA,NA,NA,NA,NA,1.8,0,NA,NA,NA,1.8,NA,NA,NA,NA,NA,NA,NA,NA,NA,NA,NA
"Antonio Bastardo",NA,NA,NA,NA,NA,NA,1.8,0,NA,NA,NA,1.8,NA,NA,NA,NA,NA,NA,NA,NA,NA,NA,NA
"Michael Feliz",NA,NA,NA,NA,NA,NA,1.8,0,NA,NA,NA,1.8,NA,NA,NA,NA,NA,NA,NA,NA,NA,NA,NA
"Chris Herrmann",NA,NA,NA,NA,NA,NA,1.76,0.93,NA,NA,NA,1.1,NA,NA,NA,2.42,NA,NA,NA,NA,NA,NA,NA
"Brandon Kintzler",NA,NA,NA,NA,NA,NA,1.75,0.07,NA,NA,NA,1.8,NA,1.7,NA,NA,NA,NA,NA,NA,NA,NA,"B. Kintzler"
"Sam Dyson",NA,NA,NA,NA,NA,NA,1.75,0.07,NA,NA,NA,1.7,NA,1.8,NA,NA,NA,NA,NA,NA,NA,NA,"S. Dyson"
"Christian Colon",NA,NA,NA,NA,NA,NA,1.72,2.81,NA,4.96,NA,0.2,NA,NA,NA,0,NA,NA,NA,NA,NA,1,NA
"Eric Fryer",NA,NA,NA,NA,NA,NA,1.72,2.97,NA,5.15,NA,0,NA,NA,NA,0,NA,NA,NA,NA,NA,1.02,NA
"Nick Vincent",NA,NA,NA,NA,NA,NA,1.7,0,NA,NA,NA,1.7,NA,NA,NA,NA,NA,NA,NA,NA,NA,NA,NA
"Joaquin Benoit",NA,NA,NA,NA,NA,NA,1.7,0,NA,NA,NA,1.7,NA,NA,NA,NA,NA,NA,NA,NA,NA,NA,NA
"Edubray Ramos",NA,NA,NA,NA,NA,NA,1.7,0,NA,NA,NA,1.7,NA,NA,NA,NA,NA,NA,NA,NA,NA,NA,NA
"Dan Altavilla",NA,NA,NA,NA,NA,NA,1.7,0,NA,NA,NA,1.7,NA,NA,NA,NA,NA,NA,NA,NA,NA,NA,NA
"Mike Dunn",NA,NA,NA,NA,NA,NA,1.7,0,NA,NA,NA,1.7,NA,NA,NA,NA,NA,NA,NA,NA,NA,NA,NA
"Drew Storen",NA,NA,NA,NA,NA,NA,1.7,0,NA,NA,NA,1.7,NA,NA,NA,NA,NA,NA,NA,NA,NA,NA,NA
"Alex Wilson",NA,NA,NA,NA,NA,NA,1.7,0,NA,NA,NA,1.7,NA,NA,NA,NA,NA,NA,NA,NA,NA,NA,NA
"Tony Barnette",NA,NA,NA,NA,NA,NA,1.7,0,NA,NA,NA,1.7,NA,NA,NA,NA,NA,NA,NA,NA,NA,NA,NA
"Zach McAllister",NA,NA,NA,NA,NA,NA,1.7,0,NA,NA,NA,1.7,NA,NA,NA,NA,NA,NA,NA,NA,NA,NA,NA
"Austin Pruitt",NA,NA,NA,NA,NA,NA,1.7,0,NA,NA,NA,1.7,NA,NA,NA,NA,NA,NA,NA,NA,NA,NA,NA
"Blake Wood",NA,NA,NA,NA,NA,NA,1.7,0,NA,NA,NA,1.7,NA,NA,NA,NA,NA,NA,NA,NA,NA,NA,NA
"Joe Blanton",NA,NA,NA,NA,NA,NA,1.7,0,NA,NA,NA,1.7,NA,NA,NA,NA,NA,NA,NA,NA,NA,NA,NA
"Anthony Cingrani",NA,NA,NA,NA,NA,NA,1.7,0,NA,NA,NA,1.7,NA,NA,NA,NA,NA,NA,NA,NA,NA,NA,NA
"Fernando Salas",NA,NA,NA,NA,NA,NA,1.7,0,NA,NA,NA,1.7,NA,NA,NA,NA,NA,NA,NA,NA,NA,NA,NA
"Jonathan Broxton",NA,NA,NA,NA,NA,NA,1.7,0,NA,NA,NA,1.7,NA,NA,NA,NA,NA,NA,NA,NA,NA,NA,NA
"Greg Holland",NA,NA,NA,NA,NA,NA,1.7,0,NA,NA,NA,1.7,NA,NA,NA,NA,NA,NA,NA,NA,NA,NA,NA
"Bryan Shaw",NA,NA,NA,NA,NA,NA,1.7,0,NA,NA,NA,1.7,NA,NA,NA,NA,NA,NA,NA,NA,NA,NA,NA
"Xavier Cedeno",NA,NA,NA,NA,NA,NA,1.7,0,NA,NA,NA,1.7,NA,NA,NA,NA,NA,NA,NA,NA,NA,NA,NA
"Santiago Casilla",NA,NA,NA,NA,NA,NA,1.7,0,NA,NA,NA,1.7,NA,NA,NA,NA,NA,NA,NA,NA,NA,NA,NA
"Brad Ziegler",NA,NA,NA,NA,NA,NA,1.7,0,NA,NA,NA,1.7,NA,NA,NA,NA,NA,NA,NA,NA,NA,NA,NA
"Jeremy Jeffress",NA,NA,NA,NA,NA,NA,1.7,0,NA,NA,NA,1.7,NA,NA,NA,NA,NA,NA,NA,NA,NA,NA,NA
"Adrian Beltre",NA,NA,NA,NA,NA,NA,1.69,2.39,NA,NA,NA,0,NA,NA,NA,3.38,NA,NA,NA,NA,NA,NA,NA
"Ryan Goins",NA,NA,NA,NA,NA,NA,1.63,1.94,NA,3.78,NA,1.1,NA,NA,NA,0,NA,NA,NA,NA,NA,1.04,NA
"Oliver Drake",NA,NA,NA,NA,NA,NA,1.6,0,NA,NA,NA,1.6,NA,NA,NA,NA,NA,NA,NA,NA,NA,NA,NA
"Junichi Tazawa",NA,NA,NA,NA,NA,NA,1.6,0,NA,NA,NA,1.6,NA,NA,NA,NA,NA,NA,NA,NA,NA,NA,NA
"Ryan Dull",NA,NA,NA,NA,NA,NA,1.6,0,NA,NA,NA,1.6,NA,NA,NA,NA,NA,NA,NA,NA,NA,NA,NA
"Michael Ynoa",NA,NA,NA,NA,NA,NA,1.6,0,NA,NA,NA,1.6,NA,NA,NA,NA,NA,NA,NA,NA,NA,NA,NA
"Danny Farquhar",NA,NA,NA,NA,NA,NA,1.6,0,NA,NA,NA,1.6,NA,NA,NA,NA,NA,NA,NA,NA,NA,NA,NA
"Ian Krol",NA,NA,NA,NA,NA,NA,1.6,0,NA,NA,NA,1.6,NA,NA,NA,NA,NA,NA,NA,NA,NA,NA,NA
"Dan Jennings",NA,NA,NA,NA,NA,NA,1.6,0,NA,NA,NA,1.6,NA,NA,NA,NA,NA,NA,NA,NA,NA,NA,NA
"Justin Grimm",NA,NA,NA,NA,NA,NA,1.6,0,NA,NA,NA,1.6,NA,NA,NA,NA,NA,NA,NA,NA,NA,NA,NA
"Ross Stripling",NA,NA,NA,NA,NA,NA,1.6,0,NA,NA,NA,1.6,NA,NA,NA,NA,NA,NA,NA,NA,NA,NA,NA
"Adam Morgan",NA,NA,NA,NA,NA,NA,1.6,0,NA,NA,NA,1.6,NA,NA,NA,NA,NA,NA,NA,NA,NA,NA,NA
"Wade LeBlanc",NA,NA,NA,NA,NA,NA,1.6,0,NA,NA,NA,1.6,NA,NA,NA,NA,NA,NA,NA,NA,NA,NA,NA
"Michael Tonkin",NA,NA,NA,NA,NA,NA,1.6,0,NA,NA,NA,1.6,NA,NA,NA,NA,NA,NA,NA,NA,NA,NA,NA
"Tommy Kahnle",NA,NA,NA,NA,NA,NA,1.6,0,NA,NA,NA,1.6,NA,NA,NA,NA,NA,NA,NA,NA,NA,NA,NA
"Daniel Nava",NA,NA,NA,NA,NA,NA,1.58,2.73,NA,4.73,NA,0,NA,NA,NA,0,NA,NA,NA,NA,NA,1,NA
"Alex Wood",NA,NA,NA,NA,NA,NA,1.55,2.19,NA,0,NA,3.1,NA,NA,NA,NA,NA,NA,NA,NA,NA,1,NA
"Jose Martinez",NA,NA,NA,NA,NA,NA,1.53,2.64,NA,4.58,NA,0,NA,NA,NA,0,NA,NA,NA,NA,NA,1.02,NA
"Chris Heisey",NA,NA,NA,NA,NA,NA,1.5,2.43,NA,4.31,NA,0.2,NA,NA,NA,0,NA,NA,NA,NA,NA,1,NA
"Jeanmar Gomez",NA,NA,NA,NA,NA,NA,1.5,0.14,NA,NA,NA,1.6,NA,1.4,NA,NA,NA,NA,NA,NA,NA,NA,"J. Gomez"
"Jacob Barnes",NA,NA,NA,NA,NA,NA,1.5,0,NA,NA,NA,1.5,NA,NA,NA,NA,NA,NA,NA,NA,NA,NA,NA
"Mike Morin",NA,NA,NA,NA,NA,NA,1.5,0,NA,NA,NA,1.5,NA,NA,NA,NA,NA,NA,NA,NA,NA,NA,NA
"Joshua Fields",NA,NA,NA,NA,NA,NA,1.5,0,NA,NA,NA,1.5,NA,NA,NA,NA,NA,NA,NA,NA,NA,NA,NA
"Jose Alvarez",NA,NA,NA,NA,NA,NA,1.5,0,NA,NA,NA,1.5,NA,NA,NA,NA,NA,NA,NA,NA,NA,NA,NA
"Dan Coulombe",NA,NA,NA,NA,NA,NA,1.5,0,NA,NA,NA,1.5,NA,NA,NA,NA,NA,NA,NA,NA,NA,NA,NA
"Joe Smith",NA,NA,NA,NA,NA,NA,1.5,0,NA,NA,NA,1.5,NA,NA,NA,NA,NA,NA,NA,NA,NA,NA,NA
"Derek Law",NA,NA,NA,NA,NA,NA,1.5,0,NA,NA,NA,1.5,NA,NA,NA,NA,NA,NA,NA,NA,NA,NA,NA
"Matt Belisle",NA,NA,NA,NA,NA,NA,1.5,0,NA,NA,NA,1.5,NA,NA,NA,NA,NA,NA,NA,NA,NA,NA,NA
"Dustin McGowan",NA,NA,NA,NA,NA,NA,1.5,0,NA,NA,NA,1.5,NA,NA,NA,NA,NA,NA,NA,NA,NA,NA,NA
"Pat Neshek",NA,NA,NA,NA,NA,NA,1.5,0,NA,NA,NA,1.5,NA,NA,NA,NA,NA,NA,NA,NA,NA,NA,NA
"Jose Diaz",NA,NA,NA,NA,NA,NA,1.5,0,NA,NA,NA,1.5,NA,NA,NA,NA,NA,NA,NA,NA,NA,NA,NA
"Dan Otero",NA,NA,NA,NA,NA,NA,1.5,0,NA,NA,NA,1.5,NA,NA,NA,NA,NA,NA,NA,NA,NA,NA,NA
"Evan Scribner",NA,NA,NA,NA,NA,NA,1.5,0,NA,NA,NA,1.5,NA,NA,NA,NA,NA,NA,NA,NA,NA,NA,NA
"Jake McGee",NA,NA,NA,NA,NA,NA,1.5,0,NA,NA,NA,1.5,NA,NA,NA,NA,NA,NA,NA,NA,NA,NA,NA
"Anthony Recker",NA,NA,NA,NA,NA,NA,1.47,2.38,NA,4.22,NA,0.2,NA,NA,NA,0,NA,NA,NA,NA,NA,1.04,NA
"Alexander Claudio",NA,NA,NA,NA,NA,NA,1.4,0,NA,NA,NA,1.4,NA,NA,NA,NA,NA,NA,NA,NA,NA,NA,NA
"Travis Wood",NA,NA,NA,NA,NA,NA,1.4,0,NA,NA,NA,1.4,NA,NA,NA,NA,NA,NA,NA,NA,NA,NA,NA
"Boone Logan",NA,NA,NA,NA,NA,NA,1.4,0,NA,NA,NA,1.4,NA,NA,NA,NA,NA,NA,NA,NA,NA,NA,NA
"Cory Gearrin",NA,NA,NA,NA,NA,NA,1.4,0,NA,NA,NA,1.4,NA,NA,NA,NA,NA,NA,NA,NA,NA,NA,NA
"Miguel Socolovich",NA,NA,NA,NA,NA,NA,1.4,0,NA,NA,NA,1.4,NA,NA,NA,NA,NA,NA,NA,NA,NA,NA,NA
"Sergio Romo",NA,NA,NA,NA,NA,NA,1.4,0,NA,NA,NA,1.4,NA,NA,NA,NA,NA,NA,NA,NA,NA,NA,NA
"Chaz Roe",NA,NA,NA,NA,NA,NA,1.4,0,NA,NA,NA,1.4,NA,NA,NA,NA,NA,NA,NA,NA,NA,NA,NA
"Carlos Estevez",NA,NA,NA,NA,NA,NA,1.4,0,NA,NA,NA,1.4,NA,NA,NA,NA,NA,NA,NA,NA,NA,NA,NA
"Jose Torres",NA,NA,NA,NA,NA,NA,1.4,0,NA,NA,NA,1.4,NA,NA,NA,NA,NA,NA,NA,NA,NA,NA,NA
"Matthew Bowman",NA,NA,NA,NA,NA,NA,1.4,0,NA,NA,NA,1.4,NA,NA,NA,NA,NA,NA,NA,NA,NA,NA,NA
"Huston Street",NA,NA,NA,NA,NA,NA,1.4,0,NA,NA,NA,NA,NA,1.4,NA,NA,NA,NA,NA,NA,NA,NA,"H. Street"
"Carlos Perez",NA,NA,NA,NA,NA,NA,1.38,1.02,NA,2,NA,0.2,NA,NA,NA,1.93,NA,NA,NA,NA,NA,1.05,NA
"Jesus Aguilar",NA,NA,NA,NA,NA,NA,1.32,1.51,NA,2.97,NA,1,NA,NA,NA,0,NA,NA,NA,NA,NA,0.96,NA
"Joey Wendle",NA,NA,NA,NA,NA,NA,1.32,1.87,NA,0,NA,NA,NA,NA,NA,2.65,NA,NA,NA,NA,NA,0.94,NA
"Chasen Shreve",NA,NA,NA,NA,NA,NA,1.3,0,NA,NA,NA,1.3,NA,NA,NA,NA,NA,NA,NA,NA,NA,NA,NA
"Nick Wittgren",NA,NA,NA,NA,NA,NA,1.3,0,NA,NA,NA,1.3,NA,NA,NA,NA,NA,NA,NA,NA,NA,NA,NA
"Vidal Nuno",NA,NA,NA,NA,NA,NA,1.3,0,NA,NA,NA,1.3,NA,NA,NA,NA,NA,NA,NA,NA,NA,NA,NA
"Tony Sipp",NA,NA,NA,NA,NA,NA,1.3,0,NA,NA,NA,1.3,NA,NA,NA,NA,NA,NA,NA,NA,NA,NA,NA
"George Kontos",NA,NA,NA,NA,NA,NA,1.3,0,NA,NA,NA,1.3,NA,NA,NA,NA,NA,NA,NA,NA,NA,NA,NA
"Rafael Montero",NA,NA,NA,NA,NA,NA,1.3,0,NA,NA,NA,1.3,NA,NA,NA,NA,NA,NA,NA,NA,NA,NA,NA
"Mike Minor",NA,NA,NA,NA,NA,NA,1.3,0,NA,NA,NA,1.3,NA,NA,NA,NA,NA,NA,NA,NA,NA,NA,NA
"James Pazos",NA,NA,NA,NA,NA,NA,1.3,0,NA,NA,NA,1.3,NA,NA,NA,NA,NA,NA,NA,NA,NA,NA,NA
"Tom Layne",NA,NA,NA,NA,NA,NA,1.3,0,NA,NA,NA,1.3,NA,NA,NA,NA,NA,NA,NA,NA,NA,NA,NA
"J.P. Howell",NA,NA,NA,NA,NA,NA,1.3,0,NA,NA,NA,1.3,NA,NA,NA,NA,NA,NA,NA,NA,NA,NA,NA
"Oliver Perez",NA,NA,NA,NA,NA,NA,1.3,0,NA,NA,NA,1.3,NA,NA,NA,NA,NA,NA,NA,NA,NA,NA,NA
"Jerry Blevins",NA,NA,NA,NA,NA,NA,1.3,0,NA,NA,NA,1.3,NA,NA,NA,NA,NA,NA,NA,NA,NA,NA,NA
"Roberto Osuna",NA,NA,NA,NA,NA,NA,1.3,1.84,NA,NA,NA,0,NA,2.6,NA,NA,NA,NA,NA,NA,NA,NA,"R. Osuna"
"Andre Ethier",NA,NA,NA,NA,NA,NA,1.26,1.78,NA,NA,NA,0,NA,NA,NA,2.52,NA,NA,NA,NA,NA,NA,NA
"Arismendy Alcantara",NA,NA,NA,NA,NA,NA,1.24,1.45,NA,2.83,NA,0.9,NA,NA,NA,0,NA,NA,NA,NA,NA,1.02,NA
"Jonathan Holder",NA,NA,NA,NA,NA,NA,1.2,0,NA,NA,NA,1.2,NA,NA,NA,NA,NA,NA,NA,NA,NA,NA,NA
"Wandy Peralta",NA,NA,NA,NA,NA,NA,1.2,0,NA,NA,NA,1.2,NA,NA,NA,NA,NA,NA,NA,NA,NA,NA,NA
"Enny Romero",NA,NA,NA,NA,NA,NA,1.2,0,NA,NA,NA,1.2,NA,NA,NA,NA,NA,NA,NA,NA,NA,NA,NA
"Luis Avilan",NA,NA,NA,NA,NA,NA,1.2,0,NA,NA,NA,1.2,NA,NA,NA,NA,NA,NA,NA,NA,NA,NA,NA
"Steven Okert",NA,NA,NA,NA,NA,NA,1.2,0,NA,NA,NA,1.2,NA,NA,NA,NA,NA,NA,NA,NA,NA,NA,NA
"Jared Hughes",NA,NA,NA,NA,NA,NA,1.2,0,NA,NA,NA,1.2,NA,NA,NA,NA,NA,NA,NA,NA,NA,NA,NA
"Bud Norris",NA,NA,NA,NA,NA,NA,1.2,0,NA,NA,NA,1.2,NA,NA,NA,NA,NA,NA,NA,NA,NA,NA,NA
"Kyle Ryan",NA,NA,NA,NA,NA,NA,1.2,0,NA,NA,NA,1.2,NA,NA,NA,NA,NA,NA,NA,NA,NA,NA,NA
"Terrance Gore",NA,NA,NA,NA,NA,NA,1.19,1.8,NA,3.26,NA,0.3,NA,NA,NA,0,NA,NA,NA,NA,NA,1,NA
"Anthony Swarzak",NA,NA,NA,NA,NA,NA,1.1,0,NA,NA,NA,1.1,NA,NA,NA,NA,NA,NA,NA,NA,NA,NA,NA
"Ryan Tepera",NA,NA,NA,NA,NA,NA,1.1,0,NA,NA,NA,1.1,NA,NA,NA,NA,NA,NA,NA,NA,NA,NA,NA
"Craig Breslow",NA,NA,NA,NA,NA,NA,1.1,0,NA,NA,NA,1.1,NA,NA,NA,NA,NA,NA,NA,NA,NA,NA,NA
"Tommy Hunter",NA,NA,NA,NA,NA,NA,1.1,0,NA,NA,NA,1.1,NA,NA,NA,NA,NA,NA,NA,NA,NA,NA,NA
"Sam Tuivailala",NA,NA,NA,NA,NA,NA,1.1,0,NA,NA,NA,1.1,NA,NA,NA,NA,NA,NA,NA,NA,NA,NA,NA
"Joely Rodriguez",NA,NA,NA,NA,NA,NA,1.1,0,NA,NA,NA,1.1,NA,NA,NA,NA,NA,NA,NA,NA,NA,NA,NA
"Marc Rzepczynski",NA,NA,NA,NA,NA,NA,1.1,0,NA,NA,NA,1.1,NA,NA,NA,NA,NA,NA,NA,NA,NA,NA,NA
"Mac Williamson",NA,NA,NA,NA,NA,NA,1.08,1.53,NA,NA,NA,0,NA,NA,NA,2.17,NA,NA,NA,NA,NA,NA,NA
"Drew Robinson",NA,NA,NA,NA,NA,NA,1.01,1.43,NA,2.02,NA,0,NA,NA,NA,NA,NA,NA,NA,NA,NA,0.94,NA
