"Player","Pos","Team","Opp","Hand","Order","Salary","Projection","SE","DvP","DFC","FanGraphs","FantasyPros","numberFire","RotoGrinders","Rotowire","DvPRank","Line","Spread","OU","ParkFactor","Label","Actual","Value","actValue"
"Mike Trout","OF","LAA","@OAK","R",3,4700,13.67,1.66,0,16.36,13.18,14.8,12.7,11.69,13.31,0,-111,-0.119999999999999,8,1.03,"M. Trout",28.2,2.90851063829787,6
"Trea Turner","SS","WAS","MIA","R",1,3700,13.14,1.51,0,15.71,12.8,NA,11.7,12.77,12.7,0,-197,-1.46,8,1,"T. Turner",12,3.55135135135135,3.24324324324324
"Mookie Betts","OF","BOS","PIT","R",3,4600,13.09,1.7,0,14.84,13.15,NA,14.7,11.3,11.46,0,-151,-0.880000000000001,8.5,0.95,"M. Betts",6,2.84565217391304,1.30434782608696
"Joey Votto","1B","CIN","PHI","L",3,4000,13.02,1.51,0,15.37,12.01,14.4,12.5,11.59,12.22,0,-115,-0.199999999999999,8.5,0.98,"J. Votto",0,3.255,0
"Bryce Harper","OF","WAS","MIA","L",3,4500,12.9,1.3,0,14.33,13.36,NA,10.8,13.12,12.87,0,-197,-1.46,8,1,"B. Harper",21.7,2.86666666666667,4.82222222222222
"Charlie Blackmon","OF","COL","@MIL","L",1,4000,12.87,2.27,0,15.84,11.93,NA,14.4,10.04,12.15,0,-125,-0.380000000000001,8,0.96,"C. Blackmon",9.5,3.2175,2.375
"Brian Dozier","2B","MIN","KCR","R",1,3400,12.69,2.72,0,16.97,10.74,11.3,15,9.98,12.14,0,-105,-0.0999999999999996,8,0.99,"B. Dozier",9.2,3.73235294117647,2.70588235294118
"Josh Donaldson","3B","TOR","@BAL","R",2,3800,12.52,1.58,0,13.92,10.89,14.9,12.4,11.2,11.8,0,123,0.559999999999999,8.5,0.97,"J. Donaldson",12,3.29473684210526,3.15789473684211
"Nolan Arenado","3B","COL","@MIL","R",4,4000,12.51,1.58,0,15.21,11.38,NA,12.6,11.45,11.93,0,-125,-0.380000000000001,8,0.96,"N. Arenado",15.4,3.1275,3.85
"Nelson Cruz","OF","SEA","@HOU","R",4,3900,12.42,1.69,0,14.11,10.43,14.3,12.6,10.46,12.6,0,134,0.76,8.5,1,"N. Cruz",3,3.18461538461538,0.769230769230769
"Miguel Cabrera","1B","DET","@CHW","R",3,4000,12.38,2.46,0,15.93,11.34,9.3,14.7,11.84,11.19,0,-124,-0.32,7,0.98,"M. Cabrera",NA,3.095,NA
"Daniel Murphy","2B","WAS","MIA","L",4,3500,12.36,1.08,0,13.89,11.63,NA,12.5,12.69,11.07,0,-197,-1.46,8,1,"D. Murphy",9.5,3.53142857142857,2.71428571428571
"Jonathan Villar","3B","MIL","COL","S",1,3600,12.16,1.31,0,13.97,11.02,NA,12.6,10.76,12.45,0,115,0.379999999999999,8,0.96,"J. Villar",19.2,3.37777777777778,5.33333333333333
"Manny Machado","3B","BAL","TOR","R",3,3900,12.09,1.09,0,14.01,11.87,10.9,12.6,11.48,11.67,0,-133,-0.56,8.5,0.97,"M. Machado",6,3.1,1.53846153846154
"Ryan Braun","OF","MIL","COL","R",3,4000,11.91,1.68,0,14.45,10.27,NA,11.9,10.51,12.4,0,115,0.379999999999999,8,0.96,"R. Braun",3,2.9775,0.75
"Trevor Story","SS","COL","@MIL","R",5,3600,11.84,1.6,0,14.12,10.23,NA,12.7,10.56,11.57,0,-125,-0.380000000000001,8,0.96,"T. Story",9.2,3.28888888888889,2.55555555555556
"Jose Altuve","2B","HOU","SEA","R",3,4100,11.84,1.74,0,12.73,12.1,12.4,13.7,8.63,11.48,0,-144,-0.76,8.5,1,"J. Altuve",3,2.88780487804878,0.731707317073171
"Adam Duvall","OF","CIN","PHI","R",4,3300,11.76,1.12,0,12.99,10.91,13,12,10.25,11.42,0,-115,-0.199999999999999,8.5,0.98,"A. Duvall",9,3.56363636363636,2.72727272727273
"Jose Bautista","OF","TOR","@BAL","R",3,3500,11.66,1.11,0,13.34,10.61,11.8,12.4,10.39,11.39,0,123,0.559999999999999,8.5,0.97,"J. Bautista",3,3.33142857142857,0.857142857142857
"Starling Marte","OF","PIT","@BOS","R",2,3900,11.61,1.58,0,12.74,11.98,NA,12.6,8.87,11.85,0,141,0.879999999999999,8.5,0.95,"S. Marte",3.5,2.97692307692308,0.897435897435897
"Chris Davis","1B","BAL","TOR","L",4,3200,11.57,1.15,0,13.59,11.42,11.5,10.1,11.02,11.77,0,-133,-0.56,8.5,0.97,"C. Davis",6.5,3.615625,2.03125
"Hanley Ramirez","1B","BOS","PIT","R",4,3400,11.56,2.26,0,14.7,11.82,NA,12.5,9.16,9.61,0,-151,-0.880000000000001,8.5,0.95,"H. Ramirez",3,3.4,0.882352941176471
"Edwin Encarnacion","1B","CLE","@TEX","R",4,3900,11.5,2.2,0,13.98,10.38,10.7,13.7,8.17,12.06,0,-115,-0.18,7.5,0.94,"E. Encarnacion",24.9,2.94871794871795,6.38461538461538
"Odubel Herrera","OF","PHI","@CIN","L",3,3300,11.31,0.76,0,11.17,10.49,12.3,12.2,10.87,10.84,0,105,0.199999999999999,8.5,0.98,"O. Herrera",12,3.42727272727273,3.63636363636364
"Corey Seager","SS","LAD","SDP","L",2,3600,11.3,0.89,0,12.38,10.02,11.8,11.1,10.6,11.88,0,-344,-2.34,6.5,1.04,"C. Seager",28.7,3.13888888888889,7.97222222222222
"Adam Eaton","OF","WAS","MIA","L",2,3300,11.29,1.1,0,13.06,10.88,NA,11.6,10.52,10.39,0,-197,-1.46,8,1,"A. Eaton",21.2,3.42121212121212,6.42424242424242
"Ian Kinsler","2B","DET","@CHW","R",1,3200,11.28,1.07,0,12.65,9.92,12.1,11.8,10.8,10.39,0,-124,-0.32,7,0.98,"I. Kinsler",NA,3.525,NA
"Carlos Santana","1B","CLE","@TEX","S",1,3300,11.2,1.83,0,12.81,10.95,11.3,12.8,7.83,11.5,0,-115,-0.18,7.5,0.94,"C. Santana",21.7,3.39393939393939,6.57575757575758
"Yoenis Cespedes","OF","NYM","ATL","R",3,3700,11.16,1.42,0,13.06,9.89,NA,12.3,10.25,10.29,0,-176,-1.06,7,1.06,"Y. Cespedes",6.2,3.01621621621622,1.67567567567568
"Carlos Gonzalez","OF","COL","@MIL","L",3,3800,11.14,1.41,0,13,11.7,NA,9.8,9.65,11.53,0,-125,-0.380000000000001,8,0.96,"C. Gonzalez",0,2.93157894736842,0
"Billy Hamilton","OF","CIN","PHI","S",1,3000,11.05,1.07,0,12.85,11.56,9.9,10.7,10.15,11.17,0,-115,-0.199999999999999,8.5,0.98,"B. Hamilton",12.5,3.68333333333333,4.16666666666667
"George Springer","OF","HOU","SEA","R",1,3800,11.04,1.78,0,13.51,11.67,9.8,11.6,8.33,11.3,0,-144,-0.76,8.5,1,"G. Springer",18.7,2.90526315789474,4.92105263157895
"Justin Turner","3B","LAD","SDP","R",3,3500,11.02,1.19,0,12.86,9.83,9.9,11.8,10.45,11.26,0,-344,-2.34,6.5,1.04,"J. Turner",24.9,3.14857142857143,7.11428571428571
"Mark Trumbo","OF","BAL","TOR","R",5,3500,10.97,1.33,0,13.31,10.88,9.6,11.5,10.62,9.92,0,-133,-0.56,8.5,0.97,"M. Trumbo",28.2,3.13428571428571,8.05714285714286
"Khris Davis","OF","OAK","LAA","R",4,3000,10.97,2.1,0,14.37,9.81,10.2,12.2,8.3,10.95,0,101,0.120000000000001,8,1.03,"K. Davis",40.4,3.65666666666667,13.4666666666667
"Jean Segura","SS","SEA","@HOU","R",1,3200,10.96,1.92,0,13.94,10.35,11,11.7,8.04,10.7,0,134,0.76,8.5,1,"J. Segura",6,3.425,1.875
"Carlos Correa","SS","HOU","SEA","R",4,3900,10.91,1.51,0,12.33,11.5,10.6,11.5,8.04,11.52,0,-144,-0.76,8.5,1,"C. Correa",22.2,2.7974358974359,5.69230769230769
"Justin Upton","OF","DET","@CHW","R",5,3100,10.82,2.05,0,14.83,10.18,9,10.6,9.8,10.5,0,-124,-0.32,7,0.98,"J. Upton",NA,3.49032258064516,NA
"Francisco Lindor","SS","CLE","@TEX","S",2,3500,10.79,1.69,0,11.43,10.15,11.4,12.9,7.86,10.99,0,-115,-0.18,7.5,0.94,"F. Lindor",6.5,3.08285714285714,1.85714285714286
"Joc Pederson","OF","LAD","SDP","L",6,2800,10.78,1.76,0,12.44,10.21,10.6,12,7.63,11.78,0,-344,-2.34,6.5,1.04,"J. Pederson",32.7,3.85,11.6785714285714
"Andrew McCutchen","OF","PIT","@BOS","R",3,3300,10.77,1.7,0,12.97,11.31,NA,10.7,8.25,10.6,0,141,0.879999999999999,8.5,0.95,"A. McCutchen",0,3.26363636363636,0
"Maikel Franco","3B","PHI","@CIN","R",4,2900,10.73,1.33,0,11.84,11.23,8.6,12.2,9.94,10.6,0,105,0.199999999999999,8.5,0.98,"M. Franco",9.2,3.7,3.17241379310345
"Freddie Freeman","1B","ATL","@NYM","L",3,3400,10.65,3.01,0,15.64,9.1,NA,10.9,7.8,9.82,0,166,1.06,7,1.06,"F. Freeman",15,3.13235294117647,4.41176470588235
"Albert Pujols","1B","LAA","@OAK","R",4,2900,10.63,1.73,0,13.45,10.44,9.5,11.8,8.69,9.88,0,-111,-0.119999999999999,8,1.03,"A. Pujols",3,3.66551724137931,1.03448275862069
"Gregory Polanco","OF","PIT","@BOS","L",4,3200,10.63,1.71,0,12.61,10.95,NA,10.5,8.45,NA,0,141,0.879999999999999,8.5,0.95,"G. Polanco",3,3.321875,0.9375
"Giancarlo Stanton","OF","MIA","@WAS","R",4,3600,10.62,1.75,0,13.23,11,NA,10.4,8.39,10.07,0,183,1.46,8,1,"G. Stanton",12.7,2.95,3.52777777777778
"DJ LeMahieu","2B","COL","@MIL","R",2,3000,10.61,1.63,0,12.76,9.85,NA,11.7,8.62,10.12,0,-125,-0.380000000000001,8,0.96,"D. LeMahieu",0,3.53666666666667,0
"Lorenzo Cain","OF","KCR","@MIN","R",3,3200,10.53,1.36,0,NA,10.15,11.5,12.1,8.57,10.33,0,-105,0.0999999999999996,8,NA,"L. Cain",12,3.290625,3.75
"Dustin Pedroia","2B","BOS","PIT","R",1,2900,10.49,1.45,0,12.21,11.27,NA,11,8.77,9.22,0,-151,-0.880000000000001,8.5,0.95,"D. Pedroia",9.7,3.61724137931034,3.3448275862069
"Michael Saunders","OF","PHI","@CIN","L",5,2500,10.48,1.81,0,9.5,10.28,13.1,11.7,7.82,10.47,0,105,0.199999999999999,8.5,0.98,"M. Saunders",12.5,4.192,5
NA,NA,NA,NA,NA,NA,NA,NA,NA,NA,NA,NA,NA,NA,NA,NA,NA,NA,NA,NA,NA,NA,NA,NA,NA
"Eric Hosmer","1B","KCR","@MIN","L",4,3200,10.47,1.34,0,12.96,9.79,10.8,9.1,10.16,10.04,0,-105,0.0999999999999996,8,0.99,"E. Hosmer",0,3.271875,0
"Adam Jones","OF","BAL","TOR","R",2,3400,10.43,0.89,0,12.18,10.4,10,10.2,9.7,10.09,0,-133,-0.56,8.5,0.97,"A. Jones",12.2,3.06764705882353,3.58823529411765
"Seth Smith","OF","BAL","TOR","L",1,2500,10.42,0.91,0,11,10.77,10.5,11.3,8.72,10.22,0,-133,-0.56,8.5,0.97,"S. Smith",9.2,4.168,3.68
"Devon Travis","2B","TOR","@BAL","R",1,2400,10.42,1.32,0,11.19,9.65,11.9,11.1,8.22,10.46,0,123,0.559999999999999,8.5,0.97,"D. Travis",6,4.34166666666667,2.5
"Carlos Beltran","OF","HOU","SEA","S",5,3200,10.4,1.95,0,11.83,10.15,8.9,13.3,7.91,10.32,0,-144,-0.76,8.5,1,"C. Beltran",0,3.25,0
"Xander Bogaerts","SS","BOS","PIT","R",6,3400,10.35,0.7,0,11.35,10.54,NA,10.5,9.72,9.64,0,-151,-0.880000000000001,8.5,0.95,"X. Bogaerts",18,3.04411764705882,5.29411764705882
"Miguel Sano","3B","MIN","KCR","R",5,2700,10.35,1.47,0,12.62,10.32,10.7,9.5,8.2,10.75,0,-105,-0.0999999999999996,8,0.99,"M. Sano",28.4,3.83333333333333,10.5185185185185
"Kole Calhoun","OF","LAA","@OAK","L",2,3200,10.34,1.36,0,12.49,9.99,11,10.3,8.36,9.92,0,-111,-0.119999999999999,8,1.03,"K. Calhoun",9.2,3.23125,2.875
"Rougned Odor","2B","TEX","CLE","L",5,3200,10.34,2.09,0,13.28,9.62,11.2,9.1,7.33,11.5,0,105,0.18,7.5,0.94,"R. Odor",44.4,3.23125,13.875
"Robinson Cano","2B","SEA","@HOU","L",3,3300,10.32,2.03,0,13.03,9.31,9.1,12.6,7.98,9.9,0,134,0.76,8.5,1,"R. Cano",3,3.12727272727273,0.909090909090909
"Jackie Bradley","OF","BOS","PIT","L",7,3400,10.27,0.99,0,11.41,9.87,NA,11.2,9.13,9.76,0,-151,-0.880000000000001,8.5,0.95,"J. Bradley",15.2,3.02058823529412,4.47058823529412
"Jose Ramirez","3B","CLE","@TEX","S",5,3100,10.26,2,0,12.71,10.21,10.6,11,6.61,10.45,0,-115,-0.18,7.5,0.94,"J. Ramirez",25.2,3.30967741935484,8.12903225806452
"Curtis Granderson","OF","NYM","ATL","L",4,2800,10.22,1.43,0,12.69,9.71,NA,10.1,9.45,9.14,0,-176,-1.06,7,1.06,"C. Granderson",6.5,3.65,2.32142857142857
"Cesar Hernandez","2B","PHI","@CIN","S",1,2400,10.14,0.92,0,11.27,10.46,9.4,11,8.96,9.73,0,105,0.199999999999999,8.5,0.98,"C. Hernandez",18.7,4.225,7.79166666666667
"Alex Bregman","3B","HOU","SEA","R",2,3300,10.11,1.69,0,12.51,10.92,9.3,9.8,7.48,10.63,0,-144,-0.76,8.5,1,"A. Bregman",15.2,3.06363636363636,4.60606060606061
"Jose Peraza","2B","CIN","PHI","R",2,3000,10.09,1.14,0,11.24,10.4,11.4,8.6,9.03,9.89,0,-115,-0.199999999999999,8.5,0.98,"J. Peraza",6,3.36333333333333,2
"Adrian Gonzalez","1B","LAD","SDP","L",4,2800,10.05,1.28,0,12.28,9.64,9.3,10.2,8.51,10.4,0,-344,-2.34,6.5,1.04,"A. Gonzalez",18.4,3.58928571428571,6.57142857142857
"Jayson Werth","OF","WAS","MIA","R",6,2900,10.04,1,0,11.72,9.95,NA,9.2,10,9.34,0,-197,-1.46,8,1,"J. Werth",0,3.46206896551724,0
"Kendrys Morales","1B","TOR","@BAL","S",4,2900,10.04,1.83,0,12.94,10.21,8.2,10.3,7.94,10.65,0,123,0.559999999999999,8.5,0.97,"K. Morales",6.5,3.46206896551724,2.24137931034483
"Victor Martinez","C","DET","@CHW","S",4,3000,10.01,1.1,0,11.91,8.96,10,10.6,9.36,9.23,0,-124,-0.32,7,0.98,"V. Martinez",NA,3.33666666666667,NA
"Todd Frazier","3B","CHW","DET","R",5,3400,9.94,1.4,0,11.71,9.16,10.5,10.4,7.61,10.25,0,114,0.32,7,0.98,"T. Frazier",NA,2.92352941176471,NA
"Alex Gordon","OF","KCR","@MIN","L",1,2800,9.92,1.26,0,11.79,9.62,9.6,10.9,8.18,9.44,0,-105,0.0999999999999996,8,0.99,"A. Gordon",3,3.54285714285714,1.07142857142857
"Tommy Joseph","1B","PHI","@CIN","R",6,2100,9.9,1.38,0,11.07,10.56,8.2,10.3,8.12,11.14,0,105,0.199999999999999,8.5,0.98,"T. Joseph",0,4.71428571428571,0
"Nick Castellanos","3B","DET","@CHW","R",2,2900,9.89,1.04,0,11.63,9.46,9.3,10.7,8.94,9.34,0,-124,-0.32,7,0.98,"N. Castellanos",NA,3.41034482758621,NA
"Jay Bruce","OF","NYM","ATL","L",6,2800,9.87,1.07,0,11.62,8.89,NA,10.1,9.31,9.45,0,-176,-1.06,7,1.06,"J. Bruce",15.7,3.525,5.60714285714286
"Jose Abreu","1B","CHW","DET","R",4,3000,9.87,1.85,0,13.06,9.65,9.7,10.3,7.38,9.14,0,114,0.32,7,0.98,"J. Abreu",NA,3.29,NA
"Rajai Davis","OF","OAK","LAA","R",1,2600,9.81,0.97,0,9.99,10.34,10.1,9.3,8.18,10.97,0,101,0.120000000000001,8,1.03,"R. Davis",0,3.77307692307692,0
"Neil Walker","2B","NYM","ATL","S",5,2600,9.8,1.41,0,12.25,9.26,NA,9.7,8.71,9.1,0,-176,-1.06,7,1.06,"N. Walker",6.2,3.76923076923077,2.38461538461538
"Scott Schebler","OF","CIN","PHI","L",6,2800,9.8,1.49,0,11.94,9.48,10,8.5,7.95,10.93,0,-115,-0.199999999999999,8.5,0.98,"S. Schebler",9.2,3.5,3.28571428571429
"Yasmani Grandal","C","LAD","SDP","S",7,2800,9.78,1.54,0,12.4,9.08,8.5,10.4,8.24,10.07,0,-344,-2.34,6.5,1.04,"Y. Grandal",40.9,3.49285714285714,14.6071428571429
"Salvador Perez","C","KCR","@MIN","R",5,2900,9.78,1.64,0,9.83,9.52,12.7,10.1,8.01,8.51,0,-105,0.0999999999999996,8,0.99,"S. Perez",3,3.37241379310345,1.03448275862069
"Troy Tulowitzki","SS","TOR","@BAL","R",5,2900,9.76,1.15,0,10.82,9.36,11.1,9.7,7.88,9.68,0,123,0.559999999999999,8.5,0.97,"T. Tulowitzki",0,3.36551724137931,0
"Asdrubal Cabrera","SS","NYM","ATL","S",2,2800,9.76,1.87,0,12.68,8.8,NA,10.3,7.78,9.24,0,-176,-1.06,7,1.06,"A. Cabrera",21.7,3.48571428571429,7.75
"Kyle Seager","3B","SEA","@HOU","L",5,3500,9.76,1.82,0,11.97,8.76,8.9,11.6,7.23,10.08,0,134,0.76,8.5,1,"K. Seager",6,2.78857142857143,1.71428571428571
"Andrew Benintendi","OF","BOS","PIT","L",2,2900,9.75,1.56,0,10.03,11.95,NA,7.7,9.03,10.06,0,-151,-0.880000000000001,8.5,0.95,"A. Benintendi",25.7,3.36206896551724,8.86206896551724
"Christian Yelich","OF","MIA","@WAS","L",3,3200,9.73,1.67,0,NA,9.96,NA,11.6,7.54,9.84,0,183,1.46,8,NA,"C. Yelich",0,3.040625,0
"Logan Forsythe","2B","LAD","SDP","R",5,2800,9.72,0.95,0,11.5,9.18,8.7,9.8,9.6,9.54,0,-344,-2.34,6.5,1.04,"L. Forsythe",15.4,3.47142857142857,5.5
"Ryan Zimmerman","1B","WAS","MIA","R",5,2400,9.7,1.13,0,9.93,10.73,NA,10.7,8.13,9,0,-197,-1.46,8,1,"R. Zimmerman",6,4.04166666666667,2.5
"Brandon Moss","1B","KCR","@MIN","L",6,2500,9.7,1.41,0,11.78,8.93,9.5,10.9,7.87,9.22,0,-105,0.0999999999999996,8,0.99,"B. Moss",0,3.88,0
"Ryon Healy","3B","OAK","LAA","R",3,3000,9.69,1.21,0,11.85,8.94,9.6,9.6,8.25,9.9,0,101,0.120000000000001,8,1.03,"R. Healy",0,3.23,0
"Jose Reyes","3B","NYM","ATL","S",1,2700,9.68,1.65,0,12.58,9.08,NA,9.2,8.49,9.04,0,-176,-1.06,7,1.06,"J. Reyes",6.2,3.58518518518519,2.2962962962963
"Michael Brantley","OF","CLE","@TEX","L",3,3200,9.62,1.38,0,8.96,10.47,10.9,8.5,7.8,11.1,0,-115,-0.18,7.5,0.94,"M. Brantley",6.5,3.00625,2.03125
"Keon Broxton","OF","MIL","COL","R",6,3000,9.6,1.66,0,11.83,8.72,NA,9.4,7.52,10.53,0,115,0.379999999999999,8,0.96,"K. Broxton",9,3.2,3
"Shin-Soo Choo","OF","TEX","CLE","L",3,2800,9.57,1.47,0,11.48,9.34,9.1,8.6,7.74,11.19,0,105,0.18,7.5,0.94,"S. Choo",3,3.41785714285714,1.07142857142857
"Danny Valencia","3B","SEA","@HOU","R",6,2500,9.53,1.99,0,8,8.68,12.7,9.4,7.4,10.99,0,134,0.76,8.5,1,"D. Valencia",3,3.812,1.2
"Mitch Moreland","1B","BOS","PIT","L",5,2600,9.52,0.98,0,10.89,9.96,NA,9.6,8.63,8.53,0,-151,-0.880000000000001,8.5,0.95,"M. Moreland",0,3.66153846153846,0
"Tyler Naquin","OF","CLE","@TEX","L",7,2500,9.5,1.99,0,NA,8.92,10.4,11.7,6.42,10.04,0,-115,-0.18,7.5,NA,"T. Naquin",6.2,3.8,2.48
"Mike Moustakas","3B","KCR","@MIN","L",2,2500,9.48,0.62,0,9.63,9.7,9.5,10.1,8.28,9.65,0,-105,0.0999999999999996,8,0.99,"M. Moustakas",18.7,3.792,7.48
"Byron Buxton","OF","MIN","KCR","R",3,2700,9.47,0.79,0,10.51,9.65,8.9,9.3,8.36,10.12,0,-105,-0.0999999999999996,8,0.99,"B. Buxton",0,3.50740740740741,0
"Howie Kendrick","OF","PHI","@CIN","R",2,2500,9.47,1.06,0,9.36,10.37,8.8,10.7,7.81,9.76,0,105,0.199999999999999,8.5,0.98,"H. Kendrick",12,3.788,4.8
"Mike Napoli","1B","TEX","CLE","R",4,3000,9.41,1.36,0,11.09,9,8.7,10.4,7.31,9.96,0,105,0.18,7.5,0.94,"M. Napoli",6.2,3.13666666666667,2.06666666666667
"Carlos Gomez","OF","TEX","CLE","R",2,2800,9.39,2,0,12.07,9.5,7,9.6,7.24,10.95,0,105,0.18,7.5,0.94,"C. Gomez",21.7,3.35357142857143,7.75
"Dee Gordon","2B","MIA","@WAS","L",1,3200,9.39,1.4,0,10.83,9.95,NA,9.4,7.08,9.68,0,183,1.46,8,1,"D. Gordon",0,2.934375,0
"Russell Martin","C","TOR","@BAL","R",6,2600,9.35,1.4,0,11.74,8.6,9.2,9.3,7.53,9.73,0,123,0.559999999999999,8.5,0.97,"R. Martin",6,3.59615384615385,2.30769230769231
"Adam Frazier","SS","PIT","@BOS","L",1,2100,9.35,1.64,0,8.3,10.94,NA,11.2,7.49,8.84,0,141,0.879999999999999,8.5,0.95,"A. Frazier",9,4.45238095238095,4.28571428571429
"Andrew Toles","OF","LAD","SDP","L",1,2000,9.3,1.53,0,9.55,10.62,10.4,9,6.42,9.8,0,-344,-2.34,6.5,1.04,"A. Toles",9.2,4.65,4.6
"Eugenio Suarez","3B","CIN","PHI","R",5,2800,9.29,1,0,10.6,9.9,9.4,8.9,7.63,9.28,0,-115,-0.199999999999999,8.5,0.98,"E. Suarez",3,3.31785714285714,1.07142857142857
"Gerardo Parra","OF","COL","@MIL","L",6,2700,9.24,0.98,0,9.23,9.46,NA,10.5,7.75,9.24,0,-125,-0.380000000000001,8,0.96,"G. Parra",9.5,3.42222222222222,3.51851851851852
"Jonathan Lucroy","C","TEX","CLE","R",6,3200,9.23,1.44,0,10.89,8.34,9.5,9.4,6.89,10.36,0,105,0.18,7.5,0.94,"J. Lucroy",0,2.884375,0
"Eric Thames","1B","MIL","COL","L",2,2200,9.21,2.72,0,6.01,10.45,NA,8.2,8.2,13.17,0,115,0.379999999999999,8,0.96,"E. Thames",19.2,4.18636363636364,8.72727272727273
"Josh Reddick","OF","HOU","SEA","L",6,2700,9.2,1.1,0,9.99,9.94,9.9,9.2,7.11,9.03,0,-144,-0.76,8.5,1,"J. Reddick",3,3.40740740740741,1.11111111111111
"Brian McCann","C","HOU","SEA","L",8,2600,9.19,1.09,0,10.2,8.64,8.8,10.2,7.45,9.83,0,-144,-0.76,8.5,1,"B. McCann",0,3.53461538461538,0
"Justin Bour","1B","MIA","@WAS","L",5,2800,9.19,1.66,0,11.44,8.92,NA,9.4,6.78,9.42,0,183,1.46,8,1,"J. Bour",0,3.28214285714286,0
"Steve Pearce","OF","TOR","@BAL","R",7,2900,9.14,1.53,0,10.49,9.11,9.2,9.9,6.2,9.93,0,123,0.559999999999999,8.5,0.97,"S. Pearce",12.2,3.15172413793103,4.20689655172414
"Domingo Santana","OF","MIL","COL","R",5,2900,9.12,0.94,0,10.16,9.28,NA,9.1,7.61,9.47,0,115,0.379999999999999,8,0.96,"D. Santana",12,3.1448275862069,4.13793103448276
"Robbie Grossman","OF","MIN","KCR","S",2,2600,9.12,1.3,0,10.41,8.14,9.7,10.3,7.11,9.06,0,-105,-0.0999999999999996,8,0.99,"R. Grossman",12.7,3.50769230769231,4.88461538461538
"Matt Kemp","OF","ATL","@NYM","R",4,3200,9.1,1.72,0,11.75,8.7,NA,9.5,7.05,8.52,0,166,1.06,7,1.06,"M. Kemp",6,2.84375,1.875
"Mark Reynolds","1B","COL","@MIL","R",7,2900,9.06,1.52,0,10.97,8.75,NA,9.9,6.89,8.77,0,-125,-0.380000000000001,8,0.96,"M. Reynolds",37.9,3.12413793103448,13.0689655172414
"Travis Shaw","3B","MIL","COL","L",4,2600,9.05,1.07,0,9.48,9.04,NA,9.2,7.31,10.21,0,115,0.379999999999999,8,0.96,"T. Shaw",15.5,3.48076923076923,5.96153846153846
"Timothy Anderson","SS","CHW","DET","R",2,2700,9.04,1.09,0,10.46,8.85,9.3,9.6,7.18,8.86,0,114,0.32,7,0.98,"T. Anderson",NA,3.34814814814815,NA
"Paulo Orlando","OF","KCR","@MIN","R",7,2500,9.04,1.27,0,10.61,8.31,9.6,10,7.15,8.57,0,-105,0.0999999999999996,8,0.99,"P. Orlando",0,3.616,0
"Matt Joyce","OF","OAK","LAA","L",6,2400,9,0.92,0,9.19,8.71,9,10.1,7.41,9.61,0,101,0.120000000000001,8,1.03,"M. Joyce",3,3.75,1.25
"Stephen Drew","SS","WAS","MIA","L",7,2300,8.97,1.46,0,9.68,9.23,NA,10.6,6.69,8.67,0,-197,-1.46,8,1,"S. Drew",0,3.9,0
"Yasiel Puig","OF","LAD","SDP","R",8,2600,8.92,1.04,0,10.61,9.24,7.9,8.6,7.85,9.3,0,-344,-2.34,6.5,1.04,"Y. Puig",15.2,3.43076923076923,5.84615384615385
"Zack Cozart","SS","CIN","PHI","R",7,2800,8.88,0.79,0,10.14,8.16,9.2,9.1,7.95,8.73,0,-115,-0.199999999999999,8.5,0.98,"Z. Cozart",6.2,3.17142857142857,2.21428571428571
"Stephen Vogt","C","OAK","LAA","L",2,2700,8.88,1.13,0,10.52,8.71,7.4,9.1,7.94,9.63,0,101,0.120000000000001,8,1.03,"S. Vogt",21.7,3.28888888888889,8.03703703703704
"Yunel Escobar","3B","LAA","@OAK","R",1,2600,8.88,0.92,0,10.21,9.48,8,9.2,7.82,8.54,0,-111,-0.119999999999999,8,1.03,"Y. Escobar",6,3.41538461538462,2.30769230769231
"Jonathan Schoop","2B","BAL","TOR","R",8,2600,8.88,1.04,0,10.63,8.68,8.1,8.6,7.75,9.49,0,-133,-0.56,8.5,0.97,"J. Schoop",0,3.41538461538462,0
"Melky Cabrera","OF","CHW","DET","S",3,2600,8.87,1.61,0,11.63,8.77,7.6,9.5,7.05,8.64,0,114,0.32,7,0.98,"M. Cabrera",NA,3.41153846153846,NA
"Mitch Haniger","OF","SEA","@HOU","R",2,2000,8.86,2.15,0,5.57,9.77,11.9,8.9,7.51,9.5,0,134,0.76,8.5,1,"M. Haniger",3,4.43,1.5
"Wil Myers","1B","SDP","@LAD","R",2,3000,8.77,1.8,0,11.09,7.48,10.1,9.8,6.51,7.66,0,304,2.34,6.5,1.04,"W. Myers",3.2,2.92333333333333,1.06666666666667
"Marcus Semien","SS","OAK","LAA","R",5,2500,8.69,0.91,0,9.95,8.73,8.3,9,7.2,8.96,0,101,0.120000000000001,8,1.03,"M. Semien",6,3.476,2.4
"Trevor Plouffe","3B","OAK","LAA","R",7,2400,8.67,1.2,0,10.73,8.09,8.2,8.8,7.17,9.03,0,101,0.120000000000001,8,1.03,"T. Plouffe",6,3.6125,2.5
"Lucas Duda","1B","NYM","ATL","L",7,2500,8.66,1.31,0,10.39,8.79,NA,7.1,7.68,9.35,0,-176,-1.06,7,1.06,"L. Duda",19.5,3.464,7.8
"Freddy Galvis","SS","PHI","@CIN","S",8,2600,8.64,0.86,0,10.19,8.23,8.7,8.8,7.64,8.28,0,105,0.199999999999999,8.5,0.98,"F. Galvis",27.9,3.32307692307692,10.7307692307692
"Matt Wieters","C","WAS","MIA","S",8,2700,8.64,0.92,0,10,8.67,NA,8.9,7.6,8.04,0,-197,-1.46,8,1,"M. Wieters",6.2,3.2,2.2962962962963
"Ender Inciarte","OF","ATL","@NYM","L",1,2900,8.64,1.55,0,10.97,8.38,NA,8.9,6.66,8.29,0,166,1.06,7,1.06,"E. Inciarte",0,2.97931034482759,0
"Cameron Rupp","C","PHI","@CIN","R",7,2400,8.63,1.33,0,10.56,8.84,7.5,9.1,6.79,9.02,0,105,0.199999999999999,8.5,0.98,"C. Rupp",0,3.59583333333333,0
"Nomar Mazara","OF","TEX","CLE","L",7,2600,8.61,1.86,0,10.02,7.94,10.3,6.8,6.22,10.35,0,105,0.18,7.5,0.94,"N. Mazara",12.2,3.31153846153846,4.69230769230769
"Tyler Saladino","SS","CHW","DET","R",1,2700,8.57,1.97,0,9.64,9.05,10,8.8,4.64,9.28,0,114,0.32,7,0.98,"T. Saladino",NA,3.17407407407407,NA
"Jorge Polanco","SS","MIN","KCR","S",7,2200,8.52,0.96,0,10.03,7.5,8.4,8.8,7.5,8.91,0,-105,-0.0999999999999996,8,0.99,"J. Polanco",15.7,3.87272727272727,7.13636363636364
"Joe Mauer","1B","MIN","KCR","L",4,2800,8.5,1.41,0,11.14,8.22,8.6,8.4,7.16,7.46,0,-105,-0.0999999999999996,8,0.99,"J. Mauer",9.7,3.03571428571429,3.46428571428571
"J.T. Realmuto","C","MIA","@WAS","R",2,2100,8.49,1.89,0,10.17,8.95,NA,9.4,5.26,8.67,0,183,1.46,8,1,"J. Realmuto",12.2,4.04285714285714,5.80952380952381
"Max Kepler","OF","MIN","KCR","L",8,2400,8.47,1.56,0,11.08,7.6,8.1,9.1,6.46,8.48,0,-105,-0.0999999999999996,8,0.99,"M. Kepler",6.2,3.52916666666667,2.58333333333333
"Jarrod Dyson","OF","SEA","@HOU","L",9,2700,8.41,1.44,0,10.52,8.52,6.9,8.7,6.68,9.14,0,134,0.76,8.5,1,"J. Dyson",0,3.11481481481481,0
"Josh Bell","1B","PIT","@BOS","S",7,2500,8.4,1.1,0,9.27,9.51,NA,8,6.77,8.47,0,141,0.879999999999999,8.5,0.95,"J. Bell",6,3.36,2.4
"Mike Zunino","C","SEA","@HOU","R",8,2500,8.38,1.64,0,10.36,7.96,9.3,8.7,5.47,8.5,0,134,0.76,8.5,1,"M. Zunino",0,3.352,0
"Josh Harrison","2B","PIT","@BOS","R",8,2600,8.33,1.3,0,9.95,9.15,NA,7.6,6.61,8.35,0,141,0.879999999999999,8.5,0.95,"J. Harrison",9.7,3.20384615384615,3.73076923076923
"Elvis Andrus","SS","TEX","CLE","R",8,2600,8.32,1.44,0,10.54,8.05,8.1,8.2,6.09,8.93,0,105,0.18,7.5,0.94,"E. Andrus",15,3.2,5.76923076923077
"Welington Castillo","C","BAL","TOR","R",6,2700,8.31,1.47,0,10.83,8.66,6.5,7.9,7.4,8.6,0,-133,-0.56,8.5,0.97,"W. Castillo",9,3.07777777777778,3.33333333333333
"Marcell Ozuna","OF","MIA","@WAS","R",6,2800,8.25,0.96,0,9.16,8.64,NA,8.6,6.65,8.22,0,183,1.46,8,1,"M. Ozuna",6.5,2.94642857142857,2.32142857142857
"David Freese","3B","PIT","@BOS","R",5,2400,8.22,1.13,0,8.66,9.21,NA,8.6,6.27,8.34,0,141,0.879999999999999,8.5,0.95,"D. Freese",9.2,3.425,3.83333333333333
"Danny Espinosa","2B","LAA","@OAK","S",6,2600,8.2,0.81,0,9.06,8.27,8.8,8.2,6.72,8.15,0,-111,-0.119999999999999,8,1.03,"D. Espinosa",0,3.15384615384615,0
"Sandy Leon","C","BOS","PIT","S",9,2100,8.19,1.06,0,9.6,8.17,NA,8.8,7.47,6.92,0,-151,-0.880000000000001,8.5,0.95,"S. Leon",9.2,3.9,4.38095238095238
"C.J. Cron","1B","LAA","@OAK","R",5,2600,8.17,4.32,0,12.95,9.68,0.3,8.3,7.26,10.52,0,-111,-0.119999999999999,8,1.03,"C. Cron",6,3.14230769230769,2.30769230769231
"Hyun-Soo Kim","OF","BAL","TOR","L",7,2600,8.16,1.01,0,9.91,8.85,7.3,7.6,7.83,7.49,0,-133,-0.56,8.5,0.97,"H. Kim",0,3.13846153846154,0
"Norichika Aoki","OF","HOU","SEA","L",9,2700,8.09,1.29,0,9.98,8.61,8,7.9,5.98,8.05,0,-144,-0.76,8.5,1,"N. Aoki",3,2.9962962962963,1.11111111111111
"Pablo Sandoval","3B","BOS","PIT","S",8,2500,8.03,0.91,0,NA,9.33,NA,7.2,7.88,7.72,0,-151,-0.880000000000001,8.5,NA,"P. Sandoval",9.7,3.212,3.88
"Nick Markakis","OF","ATL","@NYM","L",5,2700,8.03,1.85,0,10.62,7.48,NA,9,5.75,7.28,0,166,1.06,7,1.06,"N. Markakis",0,2.97407407407407,0
"Yulieski Gurriel","3B","HOU","SEA","R",7,2600,7.99,0.95,0,8.27,9.37,7.8,7.7,6.48,8.32,0,-144,-0.76,8.5,1,"Y. Gurriel",0,3.07307692307692,0
"Avisail Garcia","OF","CHW","DET","R",7,2700,7.98,1.38,0,10.07,7.78,7.6,8.8,5.93,7.71,0,114,0.32,7,0.98,"A. Garcia",NA,2.95555555555556,NA
"Kevin Pillar","OF","TOR","@BAL","R",8,2200,7.96,0.73,0,8.98,8.15,8.1,8,6.7,7.84,0,123,0.559999999999999,8.5,0.97,"K. Pillar",9.2,3.61818181818182,4.18181818181818
"Leonys Martin","OF","SEA","@HOU","L",7,2900,7.95,1.05,0,9.24,7.65,7.8,8.7,6.18,8.15,0,134,0.76,8.5,1,"L. Martin",0,2.74137931034483,0
"Derek Dietrich","2B","MIA","@WAS","L",7,2400,7.95,1.26,0,8.46,7.8,NA,9.4,5.97,8.12,0,183,1.46,8,1,"D. Dietrich",0,3.3125,0
"Tony Wolters","C","COL","@MIL","L",8,2600,7.87,1.11,0,9.28,7.83,NA,8.3,6.22,7.73,0,-125,-0.380000000000001,8,0.96,"T. Wolters",12.4,3.02692307692308,4.76923076923077
"Brandon Phillips","2B","ATL","@NYM","R",6,2600,7.86,1.84,0,10.6,7.48,NA,8.3,5.51,7.41,0,166,1.06,7,1.06,"B. Phillips",3,3.02307692307692,1.15384615384615
"Eddie Rosario","OF","MIN","KCR","L",9,2600,7.82,1.86,0,10.77,7.1,NA,7.5,5.72,8.02,0,-105,-0.0999999999999996,8,0.99,"E. Rosario",3,3.00769230769231,1.15384615384615
"Alcides Escobar","SS","KCR","@MIN","R",8,2300,7.8,0.85,0,9.45,7.61,7.8,7.6,7.09,7.27,0,-105,0.0999999999999996,8,0.99,"A. Escobar",0,3.39130434782609,0
"Adonis Garcia","3B","ATL","@NYM","R",7,2500,7.76,2.15,0,10.64,6.97,NA,9.1,5.06,7.04,0,166,1.06,7,1.06,"A. Garcia",0,3.104,0
"Yonder Alonso","1B","OAK","LAA","L",8,2400,7.75,1.04,0,9.63,7.55,6.6,7.5,7.17,8.05,0,101,0.120000000000001,8,1.03,"Y. Alonso",9.5,3.22916666666667,3.95833333333333
"Dansby Swanson","SS","ATL","@NYM","R",2,2600,7.72,0.98,0,8.7,7.62,NA,7.3,6.34,8.62,0,166,1.06,7,1.06,"D. Swanson",3,2.96923076923077,1.15384615384615
"Ryan Schimpf","2B","SDP","@LAD","L",5,2500,7.71,2.7,0,11.32,5.59,9.6,9.1,4.34,6.32,0,304,2.34,6.5,1.04,"R. Schimpf",21.7,3.084,8.68
"Andrelton Simmons","SS","LAA","@OAK","R",8,2600,7.69,1.38,0,9.5,8.27,7,8.2,5.43,7.74,0,-111,-0.119999999999999,8,1.03,"A. Simmons",6,2.95769230769231,2.30769230769231
"James McCann","C","DET","@CHW","R",7,2200,7.67,1.01,0,8.94,7.4,7.1,7.1,6.56,8.92,0,-124,-0.32,7,0.98,"J. McCann",NA,3.48636363636364,NA
"Orlando Arcia","SS","MIL","COL","R",8,2100,7.66,1.33,0,9.08,7.13,NA,7.8,5.7,8.61,0,115,0.379999999999999,8,0.96,"O. Arcia",9.2,3.64761904761905,4.38095238095238
"Yangervis Solarte","3B","SDP","@LAD","S",3,2300,7.66,1.96,0,9.91,6.3,9.2,9.1,5.24,6.23,0,304,2.34,6.5,1.04,"Y. Solarte",6.5,3.3304347826087,2.82608695652174
"Tucker Barnhart","C","CIN","PHI","S",8,2100,7.62,1.19,0,9.81,7.34,7.2,7.6,6.18,7.6,0,-115,-0.199999999999999,8.5,0.98,"T. Barnhart",6,3.62857142857143,2.85714285714286
"Mikie Mahtook","OF","DET","@CHW","R",6,2500,7.53,1.65,0,7.69,8.22,9.4,6.5,4.78,8.56,0,-124,-0.32,7,0.98,"M. Mahtook",NA,3.012,NA
"Jordy Mercer","SS","PIT","@BOS","R",9,2100,7.45,1.17,0,8.51,8.03,NA,8.2,5.71,6.78,0,141,0.879999999999999,8.5,0.95,"J. Mercer",6.5,3.54761904761905,3.09523809523809
"Cody Asche","OF","CHW","DET","L",6,2100,7.4,1.15,0,NA,7.9,6.8,9.1,6.12,7.06,0,114,0.32,7,NA,"C. Asche",NA,3.52380952380952,NA
"Yan Gomes","C","CLE","@TEX","R",6,2400,7.38,1.32,0,8.51,7.82,7.7,6.5,5.16,8.56,0,-115,-0.18,7.5,0.94,"Y. Gomes",0,3.075,0
"Ezequiel Carrera","OF","TOR","@BAL","L",9,2700,7.37,1.16,0,8.05,7.82,6.2,8.6,5.65,7.87,0,123,0.559999999999999,8.5,0.97,"E. Carrera",12.5,2.72962962962963,4.62962962962963
"Jett Bandy","C","MIL","COL","R",7,2400,7.29,1.22,0,8.63,7.26,NA,6.3,5.87,8.37,0,115,0.379999999999999,8,0.96,"J. Bandy",6.2,3.0375,2.58333333333333
"Hunter Renfroe","OF","SDP","@LAD","R",4,2000,7.29,1.52,0,9.22,6.97,7.9,8.3,4.91,6.45,0,304,2.34,6.5,1.04,"H. Renfroe",0,3.645,0
"Jed Lowrie","2B","OAK","LAA","S",9,2200,7.28,0.62,0,8.27,6.99,6.7,7.8,6.89,7.01,0,101,0.120000000000001,8,1.03,"J. Lowrie",9.2,3.30909090909091,4.18181818181818
"Francisco Cervelli","C","PIT","@BOS","R",6,2200,7.27,1.2,0,5.78,8.7,NA,7.8,6.27,7.78,0,141,0.879999999999999,8.5,0.95,"F. Cervelli",12.2,3.30454545454545,5.54545454545454
"Raul Mondesi","2B","KCR","@MIN","S",9,2500,7.2,0.77,0,7.58,8.09,NA,6.2,6.63,7.52,0,-105,0.0999999999999996,8,0.99,"R. Mondesi",0,2.88,0
NA,NA,NA,NA,NA,NA,NA,NA,NA,NA,NA,NA,NA,NA,NA,NA,NA,NA,NA,NA,NA,NA,NA,NA,NA
"Manuel Margot","OF","SDP","@LAD","R",1,2400,7.15,0.92,0,6.39,7.13,7.9,8.3,5.83,7.36,0,304,2.34,6.5,1.04,"M. Margot",9.5,2.97916666666667,3.95833333333333
"JaCoby Jones","3B","DET","@CHW","R",8,2000,7.03,1.17,0,4.81,7.7,7.9,6.7,7.68,7.38,0,-124,-0.32,7,0.98,"J. Jones",NA,3.515,NA
"Tyler Flowers","C","ATL","@NYM","R",8,2400,7.02,1.93,0,9.8,6.17,NA,7.9,4.69,6.54,0,166,1.06,7,1.06,"T. Flowers",3,2.925,1.25
"Jose Iglesias","SS","DET","@CHW","R",9,2100,6.99,0.99,0,7.8,7.45,5.5,7.9,6.05,7.22,0,-124,-0.32,7,0.98,"J. Iglesias",NA,3.32857142857143,NA
"Martin Maldonado","C","LAA","@OAK","R",9,2300,6.98,1.33,0,9.11,7.52,6.7,6.6,5.04,6.91,0,-111,-0.119999999999999,8,1.03,"M. Maldonado",0,3.03478260869565,0
"Jason Castro","C","MIN","KCR","L",6,2300,6.97,1.24,0,8.17,7.15,7.2,8,4.77,6.51,0,-105,-0.0999999999999996,8,0.99,"J. Castro",16,3.0304347826087,6.95652173913044
"J.J. Hardy","SS","BAL","TOR","R",9,2500,6.81,1.48,0,9.09,7.23,4.5,7,6.48,6.56,0,-133,-0.56,8.5,0.97,"J. Hardy",0,2.724,0
"Delino DeShields","OF","TEX","CLE","R",1,2000,6.62,3.65,0,5.45,9.55,0,9.2,6.44,9.07,0,105,0.18,7.5,0.94,"D. DeShields",NA,3.31,NA
"Jacob May","OF","CHW","DET","S",9,NA,6.39,0.9,0,NA,6.82,NA,7,5.36,NA,0,114,0.32,7,NA,"J. May",NA,NA,NA
NA,NA,NA,NA,NA,NA,NA,NA,NA,NA,NA,NA,NA,NA,NA,NA,NA,NA,NA,NA,NA,NA,NA,NA,NA
"Joey Gallo","OF","TEX","CLE","L",9,2000,6.08,3.72,0,5.06,7.81,0,5.8,6.41,11.38,0,105,0.18,7.5,0.94,"J. Gallo",9,3.04,4.5
"Omar Narvaez","C","CHW","DET","L",8,2000,6.08,0.72,0,6.12,6.51,5.4,7.3,5.53,5.65,0,114,0.32,7,0.98,"O. Narvaez",NA,3.04,NA
"Rene Rivera","C","NYM","ATL","R",8,2200,6.01,0.93,0,7.32,6.65,NA,5.2,5.26,5.64,0,-176,-1.06,7,1.06,"R. Rivera",3,2.73181818181818,1.36363636363636
"Jurickson Profar","OF","TEX","CLE","S",NA,2400,5.89,2.76,0,5.84,NA,9.5,NA,5.43,2.78,0,105,0.18,7.5,0.94,NA,0,2.45416666666667,0
"Adeiny Hechavarria","SS","MIA","@WAS","R",8,2100,5.88,0.74,0,6.34,6.76,NA,5.5,4.84,5.97,0,183,1.46,8,1,"A. Hechavarria",0,2.8,0
"Travis Jankowski","OF","SDP","@LAD","L",9,2100,5.86,1.47,0,8.72,5.24,4.9,6.1,5.14,5.04,0,304,2.34,6.5,1.04,"T. Jankowski",6.2,2.79047619047619,2.95238095238095
"Giovanny Urshela","3B","CLE","@TEX","R",9,2000,5.62,1.97,0,3.25,6.96,7.5,NA,4.79,NA,0,-115,-0.18,7.5,0.94,NA,NA,2.81,NA
NA,NA,NA,NA,NA,NA,NA,NA,NA,NA,NA,NA,NA,NA,NA,NA,NA,NA,NA,NA,NA,NA,NA,NA,NA
NA,NA,NA,NA,NA,NA,NA,NA,NA,NA,NA,NA,NA,NA,NA,NA,NA,NA,NA,NA,NA,NA,NA,NA,NA
"Abraham Almonte","OF","CLE","@TEX","S",8,2100,5.5,3.42,0,7.48,8.18,0.2,8.6,6.08,2.45,0,-115,-0.18,7.5,0.94,"A. Almonte",24.9,2.61904761904762,11.8571428571429
NA,NA,NA,NA,NA,NA,NA,NA,NA,NA,NA,NA,NA,NA,NA,NA,NA,NA,NA,NA,NA,NA,NA,NA,NA
"Erick Aybar","SS","SDP","@LAD","S",7,2100,5.3,1.18,0,NA,5.18,5,7.3,4.17,4.84,0,304,2.34,6.5,NA,"E. Aybar",0,2.52380952380952,0
"Austin Hedges","C","SDP","@LAD","R",6,2000,5.28,1.01,0,4.02,5.8,6.6,5.3,4.16,5.82,0,304,2.34,6.5,1.04,"A. Hedges",0,2.64,0
NA,NA,NA,NA,NA,NA,NA,NA,NA,NA,NA,NA,NA,NA,NA,NA,NA,NA,NA,NA,NA,NA,NA,NA,NA
NA,NA,NA,NA,NA,NA,NA,NA,NA,NA,NA,NA,NA,NA,NA,NA,NA,NA,NA,NA,NA,NA,NA,NA,NA
NA,NA,NA,NA,NA,NA,NA,NA,NA,NA,NA,NA,NA,NA,NA,NA,NA,NA,NA,NA,NA,NA,NA,NA,NA
"Ben Revere","OF","LAA","@OAK","L",7,2000,4.81,3.33,0,6.18,8.4,0.2,NA,6.66,2.62,0,-111,-0.119999999999999,8,1.03,NA,0,2.405,0
NA,NA,NA,NA,NA,NA,NA,NA,NA,NA,NA,NA,NA,NA,NA,NA,NA,NA,NA,NA,NA,NA,NA,NA,NA
NA,NA,NA,NA,NA,NA,NA,NA,NA,NA,NA,NA,NA,NA,NA,NA,NA,NA,NA,NA,NA,NA,NA,NA,NA
NA,NA,NA,NA,NA,NA,NA,NA,NA,NA,NA,NA,NA,NA,NA,NA,NA,NA,NA,NA,NA,NA,NA,NA,NA
NA,NA,NA,NA,NA,NA,NA,NA,NA,NA,NA,NA,NA,NA,NA,NA,NA,NA,NA,NA,NA,NA,NA,NA,NA
NA,NA,NA,NA,NA,NA,NA,NA,NA,NA,NA,NA,NA,NA,NA,NA,NA,NA,NA,NA,NA,NA,NA,NA,NA
NA,NA,NA,NA,NA,NA,NA,NA,NA,NA,NA,NA,NA,NA,NA,NA,NA,NA,NA,NA,NA,NA,NA,NA,NA
NA,NA,NA,NA,NA,NA,NA,NA,NA,NA,NA,NA,NA,NA,NA,NA,NA,NA,NA,NA,NA,NA,NA,NA,NA
NA,NA,NA,NA,NA,NA,NA,NA,NA,NA,NA,NA,NA,NA,NA,NA,NA,NA,NA,NA,NA,NA,NA,NA,NA
NA,NA,NA,NA,NA,NA,NA,NA,NA,NA,NA,NA,NA,NA,NA,NA,NA,NA,NA,NA,NA,NA,NA,NA,NA
NA,NA,NA,NA,NA,NA,NA,NA,NA,NA,NA,NA,NA,NA,NA,NA,NA,NA,NA,NA,NA,NA,NA,NA,NA
NA,NA,NA,NA,NA,NA,NA,NA,NA,NA,NA,NA,NA,NA,NA,NA,NA,NA,NA,NA,NA,NA,NA,NA,NA
NA,NA,NA,NA,NA,NA,NA,NA,NA,NA,NA,NA,NA,NA,NA,NA,NA,NA,NA,NA,NA,NA,NA,NA,NA
"Adrian Beltre","3B","TEX","CLE","R",NA,3500,3.61,3.73,0,NA,NA,0,NA,7.44,3.38,0,105,0.18,7.5,NA,NA,NA,1.03142857142857,NA
NA,NA,NA,NA,NA,NA,NA,NA,NA,NA,NA,NA,NA,NA,NA,NA,NA,NA,NA,NA,NA,NA,NA,NA,NA
NA,NA,NA,NA,NA,NA,NA,NA,NA,NA,NA,NA,NA,NA,NA,NA,NA,NA,NA,NA,NA,NA,NA,NA,NA
NA,NA,NA,NA,NA,NA,NA,NA,NA,NA,NA,NA,NA,NA,NA,NA,NA,NA,NA,NA,NA,NA,NA,NA,NA
NA,NA,NA,NA,NA,NA,NA,NA,NA,NA,NA,NA,NA,NA,NA,NA,NA,NA,NA,NA,NA,NA,NA,NA,NA
NA,NA,NA,NA,NA,NA,NA,NA,NA,NA,NA,NA,NA,NA,NA,NA,NA,NA,NA,NA,NA,NA,NA,NA,NA
NA,NA,NA,NA,NA,NA,NA,NA,NA,NA,NA,NA,NA,NA,NA,NA,NA,NA,NA,NA,NA,NA,NA,NA,NA
NA,NA,NA,NA,NA,NA,NA,NA,NA,NA,NA,NA,NA,NA,NA,NA,NA,NA,NA,NA,NA,NA,NA,NA,NA
NA,NA,NA,NA,NA,NA,NA,NA,NA,NA,NA,NA,NA,NA,NA,NA,NA,NA,NA,NA,NA,NA,NA,NA,NA
NA,NA,NA,NA,NA,NA,NA,NA,NA,NA,NA,NA,NA,NA,NA,NA,NA,NA,NA,NA,NA,NA,NA,NA,NA
NA,NA,NA,NA,NA,NA,NA,NA,NA,NA,NA,NA,NA,NA,NA,NA,NA,NA,NA,NA,NA,NA,NA,NA,NA
NA,NA,NA,NA,NA,NA,NA,NA,NA,NA,NA,NA,NA,NA,NA,NA,NA,NA,NA,NA,NA,NA,NA,NA,NA
NA,NA,NA,NA,NA,NA,NA,NA,NA,NA,NA,NA,NA,NA,NA,NA,NA,NA,NA,NA,NA,NA,NA,NA,NA
NA,NA,NA,NA,NA,NA,NA,NA,NA,NA,NA,NA,NA,NA,NA,NA,NA,NA,NA,NA,NA,NA,NA,NA,NA
NA,NA,NA,NA,NA,NA,NA,NA,NA,NA,NA,NA,NA,NA,NA,NA,NA,NA,NA,NA,NA,NA,NA,NA,NA
NA,NA,NA,NA,NA,NA,NA,NA,NA,NA,NA,NA,NA,NA,NA,NA,NA,NA,NA,NA,NA,NA,NA,NA,NA
NA,NA,NA,NA,NA,NA,NA,NA,NA,NA,NA,NA,NA,NA,NA,NA,NA,NA,NA,NA,NA,NA,NA,NA,NA
"Lonnie Chisenhall","OF","CLE","@TEX","L",NA,2600,3.13,3.4,0,NA,NA,0,NA,6.74,2.65,0,-115,-0.18,7.5,NA,NA,NA,1.20384615384615,NA
NA,NA,NA,NA,NA,NA,NA,NA,NA,NA,NA,NA,NA,NA,NA,NA,NA,NA,NA,NA,NA,NA,NA,NA,NA
NA,NA,NA,NA,NA,NA,NA,NA,NA,NA,NA,NA,NA,NA,NA,NA,NA,NA,NA,NA,NA,NA,NA,NA,NA
NA,NA,NA,NA,NA,NA,NA,NA,NA,NA,NA,NA,NA,NA,NA,NA,NA,NA,NA,NA,NA,NA,NA,NA,NA
NA,NA,NA,NA,NA,NA,NA,NA,NA,NA,NA,NA,NA,NA,NA,NA,NA,NA,NA,NA,NA,NA,NA,NA,NA
NA,NA,NA,NA,NA,NA,NA,NA,NA,NA,NA,NA,NA,NA,NA,NA,NA,NA,NA,NA,NA,NA,NA,NA,NA
NA,NA,NA,NA,NA,NA,NA,NA,NA,NA,NA,NA,NA,NA,NA,NA,NA,NA,NA,NA,NA,NA,NA,NA,NA
NA,NA,NA,NA,NA,NA,NA,NA,NA,NA,NA,NA,NA,NA,NA,NA,NA,NA,NA,NA,NA,NA,NA,NA,NA
NA,NA,NA,NA,NA,NA,NA,NA,NA,NA,NA,NA,NA,NA,NA,NA,NA,NA,NA,NA,NA,NA,NA,NA,NA
NA,NA,NA,NA,NA,NA,NA,NA,NA,NA,NA,NA,NA,NA,NA,NA,NA,NA,NA,NA,NA,NA,NA,NA,NA
NA,NA,NA,NA,NA,NA,NA,NA,NA,NA,NA,NA,NA,NA,NA,NA,NA,NA,NA,NA,NA,NA,NA,NA,NA
NA,NA,NA,NA,NA,NA,NA,NA,NA,NA,NA,NA,NA,NA,NA,NA,NA,NA,NA,NA,NA,NA,NA,NA,NA
NA,NA,NA,NA,NA,NA,NA,NA,NA,NA,NA,NA,NA,NA,NA,NA,NA,NA,NA,NA,NA,NA,NA,NA,NA
NA,NA,NA,NA,NA,NA,NA,NA,NA,NA,NA,NA,NA,NA,NA,NA,NA,NA,NA,NA,NA,NA,NA,NA,NA
NA,NA,NA,NA,NA,NA,NA,NA,NA,NA,NA,NA,NA,NA,NA,NA,NA,NA,NA,NA,NA,NA,NA,NA,NA
NA,NA,NA,NA,NA,NA,NA,NA,NA,NA,NA,NA,NA,NA,NA,NA,NA,NA,NA,NA,NA,NA,NA,NA,NA
NA,NA,NA,NA,NA,NA,NA,NA,NA,NA,NA,NA,NA,NA,NA,NA,NA,NA,NA,NA,NA,NA,NA,NA,NA
NA,NA,NA,NA,NA,NA,NA,NA,NA,NA,NA,NA,NA,NA,NA,NA,NA,NA,NA,NA,NA,NA,NA,NA,NA
NA,NA,NA,NA,NA,NA,NA,NA,NA,NA,NA,NA,NA,NA,NA,NA,NA,NA,NA,NA,NA,NA,NA,NA,NA
NA,NA,NA,NA,NA,NA,NA,NA,NA,NA,NA,NA,NA,NA,NA,NA,NA,NA,NA,NA,NA,NA,NA,NA,NA
NA,NA,NA,NA,NA,NA,NA,NA,NA,NA,NA,NA,NA,NA,NA,NA,NA,NA,NA,NA,NA,NA,NA,NA,NA
NA,NA,NA,NA,NA,NA,NA,NA,NA,NA,NA,NA,NA,NA,NA,NA,NA,NA,NA,NA,NA,NA,NA,NA,NA
NA,NA,NA,NA,NA,NA,NA,NA,NA,NA,NA,NA,NA,NA,NA,NA,NA,NA,NA,NA,NA,NA,NA,NA,NA
NA,NA,NA,NA,NA,NA,NA,NA,NA,NA,NA,NA,NA,NA,NA,NA,NA,NA,NA,NA,NA,NA,NA,NA,NA
NA,NA,NA,NA,NA,NA,NA,NA,NA,NA,NA,NA,NA,NA,NA,NA,NA,NA,NA,NA,NA,NA,NA,NA,NA
NA,NA,NA,NA,NA,NA,NA,NA,NA,NA,NA,NA,NA,NA,NA,NA,NA,NA,NA,NA,NA,NA,NA,NA,NA
NA,NA,NA,NA,NA,NA,NA,NA,NA,NA,NA,NA,NA,NA,NA,NA,NA,NA,NA,NA,NA,NA,NA,NA,NA
NA,NA,NA,NA,NA,NA,NA,NA,NA,NA,NA,NA,NA,NA,NA,NA,NA,NA,NA,NA,NA,NA,NA,NA,NA
NA,NA,NA,NA,NA,NA,NA,NA,NA,NA,NA,NA,NA,NA,NA,NA,NA,NA,NA,NA,NA,NA,NA,NA,NA
NA,NA,NA,NA,NA,NA,NA,NA,NA,NA,NA,NA,NA,NA,NA,NA,NA,NA,NA,NA,NA,NA,NA,NA,NA
NA,NA,NA,NA,NA,NA,NA,NA,NA,NA,NA,NA,NA,NA,NA,NA,NA,NA,NA,NA,NA,NA,NA,NA,NA
NA,NA,NA,NA,NA,NA,NA,NA,NA,NA,NA,NA,NA,NA,NA,NA,NA,NA,NA,NA,NA,NA,NA,NA,NA
NA,NA,NA,NA,NA,NA,NA,NA,NA,NA,NA,NA,NA,NA,NA,NA,NA,NA,NA,NA,NA,NA,NA,NA,NA
NA,NA,NA,NA,NA,NA,NA,NA,NA,NA,NA,NA,NA,NA,NA,NA,NA,NA,NA,NA,NA,NA,NA,NA,NA
NA,NA,NA,NA,NA,NA,NA,NA,NA,NA,NA,NA,NA,NA,NA,NA,NA,NA,NA,NA,NA,NA,NA,NA,NA
NA,NA,NA,NA,NA,NA,NA,NA,NA,NA,NA,NA,NA,NA,NA,NA,NA,NA,NA,NA,NA,NA,NA,NA,NA
NA,NA,NA,NA,NA,NA,NA,NA,NA,NA,NA,NA,NA,NA,NA,NA,NA,NA,NA,NA,NA,NA,NA,NA,NA
NA,NA,NA,NA,NA,NA,NA,NA,NA,NA,NA,NA,NA,NA,NA,NA,NA,NA,NA,NA,NA,NA,NA,NA,NA
NA,NA,NA,NA,NA,NA,NA,NA,NA,NA,NA,NA,NA,NA,NA,NA,NA,NA,NA,NA,NA,NA,NA,NA,NA
NA,NA,NA,NA,NA,NA,NA,NA,NA,NA,NA,NA,NA,NA,NA,NA,NA,NA,NA,NA,NA,NA,NA,NA,NA
NA,NA,NA,NA,NA,NA,NA,NA,NA,NA,NA,NA,NA,NA,NA,NA,NA,NA,NA,NA,NA,NA,NA,NA,NA
NA,NA,NA,NA,NA,NA,NA,NA,NA,NA,NA,NA,NA,NA,NA,NA,NA,NA,NA,NA,NA,NA,NA,NA,NA
NA,NA,NA,NA,NA,NA,NA,NA,NA,NA,NA,NA,NA,NA,NA,NA,NA,NA,NA,NA,NA,NA,NA,NA,NA
NA,NA,NA,NA,NA,NA,NA,NA,NA,NA,NA,NA,NA,NA,NA,NA,NA,NA,NA,NA,NA,NA,NA,NA,NA
NA,NA,NA,NA,NA,NA,NA,NA,NA,NA,NA,NA,NA,NA,NA,NA,NA,NA,NA,NA,NA,NA,NA,NA,NA
NA,NA,NA,NA,NA,NA,NA,NA,NA,NA,NA,NA,NA,NA,NA,NA,NA,NA,NA,NA,NA,NA,NA,NA,NA
NA,NA,NA,NA,NA,NA,NA,NA,NA,NA,NA,NA,NA,NA,NA,NA,NA,NA,NA,NA,NA,NA,NA,NA,NA
NA,NA,NA,NA,NA,NA,NA,NA,NA,NA,NA,NA,NA,NA,NA,NA,NA,NA,NA,NA,NA,NA,NA,NA,NA
NA,NA,NA,NA,NA,NA,NA,NA,NA,NA,NA,NA,NA,NA,NA,NA,NA,NA,NA,NA,NA,NA,NA,NA,NA
NA,NA,NA,NA,NA,NA,NA,NA,NA,NA,NA,NA,NA,NA,NA,NA,NA,NA,NA,NA,NA,NA,NA,NA,NA
NA,NA,NA,NA,NA,NA,NA,NA,NA,NA,NA,NA,NA,NA,NA,NA,NA,NA,NA,NA,NA,NA,NA,NA,NA
NA,NA,NA,NA,NA,NA,NA,NA,NA,NA,NA,NA,NA,NA,NA,NA,NA,NA,NA,NA,NA,NA,NA,NA,NA
NA,NA,NA,NA,NA,NA,NA,NA,NA,NA,NA,NA,NA,NA,NA,NA,NA,NA,NA,NA,NA,NA,NA,NA,NA
NA,NA,NA,NA,NA,NA,NA,NA,NA,NA,NA,NA,NA,NA,NA,NA,NA,NA,NA,NA,NA,NA,NA,NA,NA
NA,NA,NA,NA,NA,NA,NA,NA,NA,NA,NA,NA,NA,NA,NA,NA,NA,NA,NA,NA,NA,NA,NA,NA,NA
NA,NA,NA,NA,NA,NA,NA,NA,NA,NA,NA,NA,NA,NA,NA,NA,NA,NA,NA,NA,NA,NA,NA,NA,NA
NA,NA,NA,NA,NA,NA,NA,NA,NA,NA,NA,NA,NA,NA,NA,NA,NA,NA,NA,NA,NA,NA,NA,NA,NA
NA,NA,NA,NA,NA,NA,NA,NA,NA,NA,NA,NA,NA,NA,NA,NA,NA,NA,NA,NA,NA,NA,NA,NA,NA
NA,NA,NA,NA,NA,NA,NA,NA,NA,NA,NA,NA,NA,NA,NA,NA,NA,NA,NA,NA,NA,NA,NA,NA,NA
NA,NA,NA,NA,NA,NA,NA,NA,NA,NA,NA,NA,NA,NA,NA,NA,NA,NA,NA,NA,NA,NA,NA,NA,NA
NA,NA,NA,NA,NA,NA,NA,NA,NA,NA,NA,NA,NA,NA,NA,NA,NA,NA,NA,NA,NA,NA,NA,NA,NA
NA,NA,NA,NA,NA,NA,NA,NA,NA,NA,NA,NA,NA,NA,NA,NA,NA,NA,NA,NA,NA,NA,NA,NA,NA
NA,NA,NA,NA,NA,NA,NA,NA,NA,NA,NA,NA,NA,NA,NA,NA,NA,NA,NA,NA,NA,NA,NA,NA,NA
NA,NA,NA,NA,NA,NA,NA,NA,NA,NA,NA,NA,NA,NA,NA,NA,NA,NA,NA,NA,NA,NA,NA,NA,NA
NA,NA,NA,NA,NA,NA,NA,NA,NA,NA,NA,NA,NA,NA,NA,NA,NA,NA,NA,NA,NA,NA,NA,NA,NA
NA,NA,NA,NA,NA,NA,NA,NA,NA,NA,NA,NA,NA,NA,NA,NA,NA,NA,NA,NA,NA,NA,NA,NA,NA
NA,NA,NA,NA,NA,NA,NA,NA,NA,NA,NA,NA,NA,NA,NA,NA,NA,NA,NA,NA,NA,NA,NA,NA,NA
NA,NA,NA,NA,NA,NA,NA,NA,NA,NA,NA,NA,NA,NA,NA,NA,NA,NA,NA,NA,NA,NA,NA,NA,NA
NA,NA,NA,NA,NA,NA,NA,NA,NA,NA,NA,NA,NA,NA,NA,NA,NA,NA,NA,NA,NA,NA,NA,NA,NA
NA,NA,NA,NA,NA,NA,NA,NA,NA,NA,NA,NA,NA,NA,NA,NA,NA,NA,NA,NA,NA,NA,NA,NA,NA
NA,NA,NA,NA,NA,NA,NA,NA,NA,NA,NA,NA,NA,NA,NA,NA,NA,NA,NA,NA,NA,NA,NA,NA,NA
NA,NA,NA,NA,NA,NA,NA,NA,NA,NA,NA,NA,NA,NA,NA,NA,NA,NA,NA,NA,NA,NA,NA,NA,NA
NA,NA,NA,NA,NA,NA,NA,NA,NA,NA,NA,NA,NA,NA,NA,NA,NA,NA,NA,NA,NA,NA,NA,NA,NA
NA,NA,NA,NA,NA,NA,NA,NA,NA,NA,NA,NA,NA,NA,NA,NA,NA,NA,NA,NA,NA,NA,NA,NA,NA
NA,NA,NA,NA,NA,NA,NA,NA,NA,NA,NA,NA,NA,NA,NA,NA,NA,NA,NA,NA,NA,NA,NA,NA,NA
NA,NA,NA,NA,NA,NA,NA,NA,NA,NA,NA,NA,NA,NA,NA,NA,NA,NA,NA,NA,NA,NA,NA,NA,NA
NA,NA,NA,NA,NA,NA,NA,NA,NA,NA,NA,NA,NA,NA,NA,NA,NA,NA,NA,NA,NA,NA,NA,NA,NA
NA,NA,NA,NA,NA,NA,NA,NA,NA,NA,NA,NA,NA,NA,NA,NA,NA,NA,NA,NA,NA,NA,NA,NA,NA
NA,NA,NA,NA,NA,NA,NA,NA,NA,NA,NA,NA,NA,NA,NA,NA,NA,NA,NA,NA,NA,NA,NA,NA,NA
NA,NA,NA,NA,NA,NA,NA,NA,NA,NA,NA,NA,NA,NA,NA,NA,NA,NA,NA,NA,NA,NA,NA,NA,NA
NA,NA,NA,NA,NA,NA,NA,NA,NA,NA,NA,NA,NA,NA,NA,NA,NA,NA,NA,NA,NA,NA,NA,NA,NA
NA,NA,NA,NA,NA,NA,NA,NA,NA,NA,NA,NA,NA,NA,NA,NA,NA,NA,NA,NA,NA,NA,NA,NA,NA
NA,NA,NA,NA,NA,NA,NA,NA,NA,NA,NA,NA,NA,NA,NA,NA,NA,NA,NA,NA,NA,NA,NA,NA,NA
NA,NA,NA,NA,NA,NA,NA,NA,NA,NA,NA,NA,NA,NA,NA,NA,NA,NA,NA,NA,NA,NA,NA,NA,NA
NA,NA,NA,NA,NA,NA,NA,NA,NA,NA,NA,NA,NA,NA,NA,NA,NA,NA,NA,NA,NA,NA,NA,NA,NA
NA,NA,NA,NA,NA,NA,NA,NA,NA,NA,NA,NA,NA,NA,NA,NA,NA,NA,NA,NA,NA,NA,NA,NA,NA
NA,NA,NA,NA,NA,NA,NA,NA,NA,NA,NA,NA,NA,NA,NA,NA,NA,NA,NA,NA,NA,NA,NA,NA,NA
NA,NA,NA,NA,NA,NA,NA,NA,NA,NA,NA,NA,NA,NA,NA,NA,NA,NA,NA,NA,NA,NA,NA,NA,NA
NA,NA,NA,NA,NA,NA,NA,NA,NA,NA,NA,NA,NA,NA,NA,NA,NA,NA,NA,NA,NA,NA,NA,NA,NA
NA,NA,NA,NA,NA,NA,NA,NA,NA,NA,NA,NA,NA,NA,NA,NA,NA,NA,NA,NA,NA,NA,NA,NA,NA
NA,NA,NA,NA,NA,NA,NA,NA,NA,NA,NA,NA,NA,NA,NA,NA,NA,NA,NA,NA,NA,NA,NA,NA,NA
NA,NA,NA,NA,NA,NA,NA,NA,NA,NA,NA,NA,NA,NA,NA,NA,NA,NA,NA,NA,NA,NA,NA,NA,NA
NA,NA,NA,NA,NA,NA,NA,NA,NA,NA,NA,NA,NA,NA,NA,NA,NA,NA,NA,NA,NA,NA,NA,NA,NA
NA,NA,NA,NA,NA,NA,NA,NA,NA,NA,NA,NA,NA,NA,NA,NA,NA,NA,NA,NA,NA,NA,NA,NA,NA
NA,NA,NA,NA,NA,NA,NA,NA,NA,NA,NA,NA,NA,NA,NA,NA,NA,NA,NA,NA,NA,NA,NA,NA,NA
NA,NA,NA,NA,NA,NA,NA,NA,NA,NA,NA,NA,NA,NA,NA,NA,NA,NA,NA,NA,NA,NA,NA,NA,NA
NA,NA,NA,NA,NA,NA,NA,NA,NA,NA,NA,NA,NA,NA,NA,NA,NA,NA,NA,NA,NA,NA,NA,NA,NA
NA,NA,NA,NA,NA,NA,NA,NA,NA,NA,NA,NA,NA,NA,NA,NA,NA,NA,NA,NA,NA,NA,NA,NA,NA
NA,NA,NA,NA,NA,NA,NA,NA,NA,NA,NA,NA,NA,NA,NA,NA,NA,NA,NA,NA,NA,NA,NA,NA,NA
NA,NA,NA,NA,NA,NA,NA,NA,NA,NA,NA,NA,NA,NA,NA,NA,NA,NA,NA,NA,NA,NA,NA,NA,NA
NA,NA,NA,NA,NA,NA,NA,NA,NA,NA,NA,NA,NA,NA,NA,NA,NA,NA,NA,NA,NA,NA,NA,NA,NA
NA,NA,NA,NA,NA,NA,NA,NA,NA,NA,NA,NA,NA,NA,NA,NA,NA,NA,NA,NA,NA,NA,NA,NA,NA
NA,NA,NA,NA,NA,NA,NA,NA,NA,NA,NA,NA,NA,NA,NA,NA,NA,NA,NA,NA,NA,NA,NA,NA,NA
NA,NA,NA,NA,NA,NA,NA,NA,NA,NA,NA,NA,NA,NA,NA,NA,NA,NA,NA,NA,NA,NA,NA,NA,NA
NA,NA,NA,NA,NA,NA,NA,NA,NA,NA,NA,NA,NA,NA,NA,NA,NA,NA,NA,NA,NA,NA,NA,NA,NA
NA,NA,NA,NA,NA,NA,NA,NA,NA,NA,NA,NA,NA,NA,NA,NA,NA,NA,NA,NA,NA,NA,NA,NA,NA
NA,NA,NA,NA,NA,NA,NA,NA,NA,NA,NA,NA,NA,NA,NA,NA,NA,NA,NA,NA,NA,NA,NA,NA,NA
NA,NA,NA,NA,NA,NA,NA,NA,NA,NA,NA,NA,NA,NA,NA,NA,NA,NA,NA,NA,NA,NA,NA,NA,NA
NA,NA,NA,NA,NA,NA,NA,NA,NA,NA,NA,NA,NA,NA,NA,NA,NA,NA,NA,NA,NA,NA,NA,NA,NA
NA,NA,NA,NA,NA,NA,NA,NA,NA,NA,NA,NA,NA,NA,NA,NA,NA,NA,NA,NA,NA,NA,NA,NA,NA
NA,NA,NA,NA,NA,NA,NA,NA,NA,NA,NA,NA,NA,NA,NA,NA,NA,NA,NA,NA,NA,NA,NA,NA,NA
NA,NA,NA,NA,NA,NA,NA,NA,NA,NA,NA,NA,NA,NA,NA,NA,NA,NA,NA,NA,NA,NA,NA,NA,NA
NA,NA,NA,NA,NA,NA,NA,NA,NA,NA,NA,NA,NA,NA,NA,NA,NA,NA,NA,NA,NA,NA,NA,NA,NA
NA,NA,NA,NA,NA,NA,NA,NA,NA,NA,NA,NA,NA,NA,NA,NA,NA,NA,NA,NA,NA,NA,NA,NA,NA
NA,NA,NA,NA,NA,NA,NA,NA,NA,NA,NA,NA,NA,NA,NA,NA,NA,NA,NA,NA,NA,NA,NA,NA,NA
NA,NA,NA,NA,NA,NA,NA,NA,NA,NA,NA,NA,NA,NA,NA,NA,NA,NA,NA,NA,NA,NA,NA,NA,NA
NA,NA,NA,NA,NA,NA,NA,NA,NA,NA,NA,NA,NA,NA,NA,NA,NA,NA,NA,NA,NA,NA,NA,NA,NA
NA,NA,NA,NA,NA,NA,NA,NA,NA,NA,NA,NA,NA,NA,NA,NA,NA,NA,NA,NA,NA,NA,NA,NA,NA
NA,NA,NA,NA,NA,NA,NA,NA,NA,NA,NA,NA,NA,NA,NA,NA,NA,NA,NA,NA,NA,NA,NA,NA,NA
NA,NA,NA,NA,NA,NA,NA,NA,NA,NA,NA,NA,NA,NA,NA,NA,NA,NA,NA,NA,NA,NA,NA,NA,NA
NA,NA,NA,NA,NA,NA,NA,NA,NA,NA,NA,NA,NA,NA,NA,NA,NA,NA,NA,NA,NA,NA,NA,NA,NA
NA,NA,NA,NA,NA,NA,NA,NA,NA,NA,NA,NA,NA,NA,NA,NA,NA,NA,NA,NA,NA,NA,NA,NA,NA
NA,NA,NA,NA,NA,NA,NA,NA,NA,NA,NA,NA,NA,NA,NA,NA,NA,NA,NA,NA,NA,NA,NA,NA,NA
NA,NA,NA,NA,NA,NA,NA,NA,NA,NA,NA,NA,NA,NA,NA,NA,NA,NA,NA,NA,NA,NA,NA,NA,NA
NA,NA,NA,NA,NA,NA,NA,NA,NA,NA,NA,NA,NA,NA,NA,NA,NA,NA,NA,NA,NA,NA,NA,NA,NA
NA,NA,NA,NA,NA,NA,NA,NA,NA,NA,NA,NA,NA,NA,NA,NA,NA,NA,NA,NA,NA,NA,NA,NA,NA
NA,NA,NA,NA,NA,NA,NA,NA,NA,NA,NA,NA,NA,NA,NA,NA,NA,NA,NA,NA,NA,NA,NA,NA,NA
NA,NA,NA,NA,NA,NA,NA,NA,NA,NA,NA,NA,NA,NA,NA,NA,NA,NA,NA,NA,NA,NA,NA,NA,NA
NA,NA,NA,NA,NA,NA,NA,NA,NA,NA,NA,NA,NA,NA,NA,NA,NA,NA,NA,NA,NA,NA,NA,NA,NA
NA,NA,NA,NA,NA,NA,NA,NA,NA,NA,NA,NA,NA,NA,NA,NA,NA,NA,NA,NA,NA,NA,NA,NA,NA
NA,NA,NA,NA,NA,NA,NA,NA,NA,NA,NA,NA,NA,NA,NA,NA,NA,NA,NA,NA,NA,NA,NA,NA,NA
NA,NA,NA,NA,NA,NA,NA,NA,NA,NA,NA,NA,NA,NA,NA,NA,NA,NA,NA,NA,NA,NA,NA,NA,NA
NA,NA,NA,NA,NA,NA,NA,NA,NA,NA,NA,NA,NA,NA,NA,NA,NA,NA,NA,NA,NA,NA,NA,NA,NA
NA,NA,NA,NA,NA,NA,NA,NA,NA,NA,NA,NA,NA,NA,NA,NA,NA,NA,NA,NA,NA,NA,NA,NA,NA
NA,NA,NA,NA,NA,NA,NA,NA,NA,NA,NA,NA,NA,NA,NA,NA,NA,NA,NA,NA,NA,NA,NA,NA,NA
NA,NA,NA,NA,NA,NA,NA,NA,NA,NA,NA,NA,NA,NA,NA,NA,NA,NA,NA,NA,NA,NA,NA,NA,NA
NA,NA,NA,NA,NA,NA,NA,NA,NA,NA,NA,NA,NA,NA,NA,NA,NA,NA,NA,NA,NA,NA,NA,NA,NA
NA,NA,NA,NA,NA,NA,NA,NA,NA,NA,NA,NA,NA,NA,NA,NA,NA,NA,NA,NA,NA,NA,NA,NA,NA
NA,NA,NA,NA,NA,NA,NA,NA,NA,NA,NA,NA,NA,NA,NA,NA,NA,NA,NA,NA,NA,NA,NA,NA,NA
NA,NA,NA,NA,NA,NA,NA,NA,NA,NA,NA,NA,NA,NA,NA,NA,NA,NA,NA,NA,NA,NA,NA,NA,NA
NA,NA,NA,NA,NA,NA,NA,NA,NA,NA,NA,NA,NA,NA,NA,NA,NA,NA,NA,NA,NA,NA,NA,NA,NA
NA,NA,NA,NA,NA,NA,NA,NA,NA,NA,NA,NA,NA,NA,NA,NA,NA,NA,NA,NA,NA,NA,NA,NA,NA
NA,NA,NA,NA,NA,NA,NA,NA,NA,NA,NA,NA,NA,NA,NA,NA,NA,NA,NA,NA,NA,NA,NA,NA,NA
NA,NA,NA,NA,NA,NA,NA,NA,NA,NA,NA,NA,NA,NA,NA,NA,NA,NA,NA,NA,NA,NA,NA,NA,NA
NA,NA,NA,NA,NA,NA,NA,NA,NA,NA,NA,NA,NA,NA,NA,NA,NA,NA,NA,NA,NA,NA,NA,NA,NA
NA,NA,NA,NA,NA,NA,NA,NA,NA,NA,NA,NA,NA,NA,NA,NA,NA,NA,NA,NA,NA,NA,NA,NA,NA
NA,NA,NA,NA,NA,NA,NA,NA,NA,NA,NA,NA,NA,NA,NA,NA,NA,NA,NA,NA,NA,NA,NA,NA,NA
NA,NA,NA,NA,NA,NA,NA,NA,NA,NA,NA,NA,NA,NA,NA,NA,NA,NA,NA,NA,NA,NA,NA,NA,NA
NA,NA,NA,NA,NA,NA,NA,NA,NA,NA,NA,NA,NA,NA,NA,NA,NA,NA,NA,NA,NA,NA,NA,NA,NA
NA,NA,NA,NA,NA,NA,NA,NA,NA,NA,NA,NA,NA,NA,NA,NA,NA,NA,NA,NA,NA,NA,NA,NA,NA
NA,NA,NA,NA,NA,NA,NA,NA,NA,NA,NA,NA,NA,NA,NA,NA,NA,NA,NA,NA,NA,NA,NA,NA,NA
NA,NA,NA,NA,NA,NA,NA,NA,NA,NA,NA,NA,NA,NA,NA,NA,NA,NA,NA,NA,NA,NA,NA,NA,NA
NA,NA,NA,NA,NA,NA,NA,NA,NA,NA,NA,NA,NA,NA,NA,NA,NA,NA,NA,NA,NA,NA,NA,NA,NA
NA,NA,NA,NA,NA,NA,NA,NA,NA,NA,NA,NA,NA,NA,NA,NA,NA,NA,NA,NA,NA,NA,NA,NA,NA
NA,NA,NA,NA,NA,NA,NA,NA,NA,NA,NA,NA,NA,NA,NA,NA,NA,NA,NA,NA,NA,NA,NA,NA,NA
NA,NA,NA,NA,NA,NA,NA,NA,NA,NA,NA,NA,NA,NA,NA,NA,NA,NA,NA,NA,NA,NA,NA,NA,NA
NA,NA,NA,NA,NA,NA,NA,NA,NA,NA,NA,NA,NA,NA,NA,NA,NA,NA,NA,NA,NA,NA,NA,NA,NA
NA,NA,NA,NA,NA,NA,NA,NA,NA,NA,NA,NA,NA,NA,NA,NA,NA,NA,NA,NA,NA,NA,NA,NA,NA
NA,NA,NA,NA,NA,NA,NA,NA,NA,NA,NA,NA,NA,NA,NA,NA,NA,NA,NA,NA,NA,NA,NA,NA,NA
NA,NA,NA,NA,NA,NA,NA,NA,NA,NA,NA,NA,NA,NA,NA,NA,NA,NA,NA,NA,NA,NA,NA,NA,NA
NA,NA,NA,NA,NA,NA,NA,NA,NA,NA,NA,NA,NA,NA,NA,NA,NA,NA,NA,NA,NA,NA,NA,NA,NA
NA,NA,NA,NA,NA,NA,NA,NA,NA,NA,NA,NA,NA,NA,NA,NA,NA,NA,NA,NA,NA,NA,NA,NA,NA
NA,NA,NA,NA,NA,NA,NA,NA,NA,NA,NA,NA,NA,NA,NA,NA,NA,NA,NA,NA,NA,NA,NA,NA,NA
NA,NA,NA,NA,NA,NA,NA,NA,NA,NA,NA,NA,NA,NA,NA,NA,NA,NA,NA,NA,NA,NA,NA,NA,NA
NA,NA,NA,NA,NA,NA,NA,NA,NA,NA,NA,NA,NA,NA,NA,NA,NA,NA,NA,NA,NA,NA,NA,NA,NA
NA,NA,NA,NA,NA,NA,NA,NA,NA,NA,NA,NA,NA,NA,NA,NA,NA,NA,NA,NA,NA,NA,NA,NA,NA
NA,NA,NA,NA,NA,NA,NA,NA,NA,NA,NA,NA,NA,NA,NA,NA,NA,NA,NA,NA,NA,NA,NA,NA,NA
NA,NA,NA,NA,NA,NA,NA,NA,NA,NA,NA,NA,NA,NA,NA,NA,NA,NA,NA,NA,NA,NA,NA,NA,NA
NA,NA,NA,NA,NA,NA,NA,NA,NA,NA,NA,NA,NA,NA,NA,NA,NA,NA,NA,NA,NA,NA,NA,NA,NA
NA,NA,NA,NA,NA,NA,NA,NA,NA,NA,NA,NA,NA,NA,NA,NA,NA,NA,NA,NA,NA,NA,NA,NA,NA
NA,NA,NA,NA,NA,NA,NA,NA,NA,NA,NA,NA,NA,NA,NA,NA,NA,NA,NA,NA,NA,NA,NA,NA,NA
NA,NA,NA,NA,NA,NA,NA,NA,NA,NA,NA,NA,NA,NA,NA,NA,NA,NA,NA,NA,NA,NA,NA,NA,NA
NA,NA,NA,NA,NA,NA,NA,NA,NA,NA,NA,NA,NA,NA,NA,NA,NA,NA,NA,NA,NA,NA,NA,NA,NA
NA,NA,NA,NA,NA,NA,NA,NA,NA,NA,NA,NA,NA,NA,NA,NA,NA,NA,NA,NA,NA,NA,NA,NA,NA
NA,NA,NA,NA,NA,NA,NA,NA,NA,NA,NA,NA,NA,NA,NA,NA,NA,NA,NA,NA,NA,NA,NA,NA,NA
NA,NA,NA,NA,NA,NA,NA,NA,NA,NA,NA,NA,NA,NA,NA,NA,NA,NA,NA,NA,NA,NA,NA,NA,NA
NA,NA,NA,NA,NA,NA,NA,NA,NA,NA,NA,NA,NA,NA,NA,NA,NA,NA,NA,NA,NA,NA,NA,NA,NA
NA,NA,NA,NA,NA,NA,NA,NA,NA,NA,NA,NA,NA,NA,NA,NA,NA,NA,NA,NA,NA,NA,NA,NA,NA
NA,NA,NA,NA,NA,NA,NA,NA,NA,NA,NA,NA,NA,NA,NA,NA,NA,NA,NA,NA,NA,NA,NA,NA,NA
NA,NA,NA,NA,NA,NA,NA,NA,NA,NA,NA,NA,NA,NA,NA,NA,NA,NA,NA,NA,NA,NA,NA,NA,NA
"Clayton Kershaw","P","LAD","SDP","L",NA,12600,48.43,4.83,0,48.14,51.8,47.6,41.5,55.54,46.01,0,-344,-2.34,6.5,0.96,"C. Kershaw",52,3.84365079365079,4.12698412698413
"Noah Syndergaard","P","NYM","ATL","R",NA,11100,42.63,5.19,0,45.52,43.97,NA,37.2,49.05,37.43,0,-176,-1.06,7,0.94,"N. Syndergaard",43,3.84054054054054,3.87387387387387
"Justin Verlander","P","DET","@CHW","R",NA,10200,39.49,4.37,0,43.6,37.1,43.5,34.1,43.05,35.61,0,-124,-0.32,7,1.02,"J. Verlander",NA,3.87156862745098,NA
"Stephen Strasburg","P","WAS","MIA","R",NA,9700,39.27,4.99,0,43.8,38.23,NA,36.2,44.9,33.21,0,-197,-1.46,8,1,"S. Strasburg",34,4.04845360824742,3.50515463917526
"Corey Kluber","P","CLE","@TEX","R",NA,10500,38.62,4.48,0,44.11,35.07,42.3,32.2,40.14,37.92,0,-115,-0.18,7.5,1.06,"C. Kluber",21,3.67809523809524,2
"Yu Darvish","P","TEX","CLE","R",NA,9900,36.89,5.13,0,42.9,32.76,39.4,32,42.04,32.25,0,105,0.18,7.5,1.06,"Y. Darvish",18.999,3.72626262626263,1.91909090909091
"Danny Duffy","P","KCR","@MIN","L",NA,8800,34.87,3.04,0,38.58,33.13,37.7,30.4,35.53,33.86,0,-105,0.0999999999999996,8,1.01,"D. Duffy",43,3.9625,4.88636363636364
"Jon Gray","P","COL","@MIL","R",NA,8200,34.75,3.89,0,39.7,36.64,NA,29.6,35.43,32.39,0,-125,-0.380000000000001,8,1.04,"J. Gray",18,4.23780487804878,2.19512195121951
"Rick Porcello","P","BOS","PIT","R",NA,9800,34.18,5.89,0,38.99,28.34,NA,34.1,41.1,28.38,0,-151,-0.880000000000001,8.5,1.05,"R. Porcello",34.999,3.48775510204082,3.57132653061224
"Jose Quintana","P","CHW","DET","L",NA,8700,33.9,1.9,0,36.56,32.45,36,33.5,32.57,32.3,0,114,0.32,7,1.02,"J. Quintana",NA,3.89655172413793,NA
"Dallas Keuchel","P","HOU","SEA","L",NA,8300,33.77,4.53,0,38.2,34.84,36.7,26.6,36.4,29.89,0,-144,-0.76,8.5,1,"D. Keuchel",43,4.06867469879518,5.18072289156626
"Kevin Gausman","P","BAL","TOR","R",NA,8000,32.54,3.74,0,38.78,33.18,34.5,29.3,30.21,29.25,0,-133,-0.56,8.5,1.03,"K. Gausman",21.999,4.0675,2.749875
"Julio Teheran","P","ATL","@NYM","R",NA,7900,32.43,3.44,0,37.79,30.27,NA,30,34.02,30.07,0,166,1.06,7,0.94,"J. Teheran",40,4.10506329113924,5.06329113924051
"Junior Guerra","P","MIL","COL","R",NA,8100,30.61,4.24,0,36.63,31.16,NA,28.9,31.41,24.97,0,115,0.379999999999999,8,1.04,"J. Guerra",15,3.77901234567901,1.85185185185185
"Marco Estrada","P","TOR","@BAL","R",NA,7900,30.46,3.48,0,34.86,27.73,29.8,26.7,34.62,29.05,0,123,0.559999999999999,8.5,1.03,"M. Estrada",28,3.85569620253165,3.54430379746835
"Ervin Santana","P","MIN","KCR","R",NA,7600,30.38,3.55,0,37.35,30.04,30.2,28.7,28.17,27.8,0,-105,-0.0999999999999996,8,1.01,"E. Santana",37,3.99736842105263,4.86842105263158
"Felix Hernandez","P","SEA","@HOU","R",NA,9200,29.94,5.45,0,35.44,22.65,30.9,26,36.66,28.01,0,134,0.76,8.5,1,"F. Hernandez",27,3.25434782608696,2.93478260869565
"Jeremy Hellickson","P","PHI","@CIN","R",NA,6900,29.21,3.69,0,33.81,28.79,32.5,23.8,29.67,26.69,0,105,0.199999999999999,8.5,1.02,"J. Hellickson",21,4.23333333333333,3.04347826086956
"Ricky Nolasco","P","LAA","@OAK","R",NA,7300,29,4.14,0,36.55,25.75,31,26.8,26.33,27.55,0,-111,-0.119999999999999,8,0.97,"R. Nolasco",20.001,3.97260273972603,2.73986301369863
"Gerrit Cole","P","PIT","@BOS","R",NA,8700,26.16,3,0,30.42,23.63,NA,23,27.39,26.38,0,141,0.879999999999999,8.5,1.05,"G. Cole",6,3.00689655172414,0.689655172413793
"Kendall Graveman","P","OAK","LAA","R",NA,6200,25.39,3.62,0,31.33,24,25.8,23.1,27.18,20.96,0,101,0.120000000000001,8,0.97,"K. Graveman",43,4.09516129032258,6.93548387096774
"Scott Feldman","P","CIN","PHI","R",NA,5000,24.1,3.5,0,21.68,28.96,21.3,24.2,27.68,20.77,0,-115,-0.199999999999999,8.5,1.02,"S. Feldman",23.001,4.82,4.6002
"Edinson Volquez","P","MIA","@WAS","R",NA,6000,23.23,1.97,0,26.41,21.37,NA,22,22.71,23.64,0,183,1.46,8,1,"E. Volquez",33,3.87166666666667,5.5
"Jhoulys Chacin","P","SDP","@LAD","R",NA,5500,20.63,10.47,0,31.49,0.65,25.6,22.3,21.48,22.28,0,304,2.34,6.5,0.96,"J. Chacin",-11.001,3.75090909090909,-2.00018181818182
NA,NA,NA,NA,NA,NA,NA,NA,NA,NA,NA,NA,NA,NA,NA,NA,NA,NA,NA,NA,NA,NA,NA,NA,NA
NA,NA,NA,NA,NA,NA,NA,NA,NA,NA,NA,NA,NA,NA,NA,NA,NA,NA,NA,NA,NA,NA,NA,NA,NA
NA,NA,NA,NA,NA,NA,NA,NA,NA,NA,NA,NA,NA,NA,NA,NA,NA,NA,NA,NA,NA,NA,NA,NA,NA
NA,NA,NA,NA,NA,NA,NA,NA,NA,NA,NA,NA,NA,NA,NA,NA,NA,NA,NA,NA,NA,NA,NA,NA,NA
NA,NA,NA,NA,NA,NA,NA,NA,NA,NA,NA,NA,NA,NA,NA,NA,NA,NA,NA,NA,NA,NA,NA,NA,NA
NA,NA,NA,NA,NA,NA,NA,NA,NA,NA,NA,NA,NA,NA,NA,NA,NA,NA,NA,NA,NA,NA,NA,NA,NA
NA,NA,NA,NA,NA,NA,NA,NA,NA,NA,NA,NA,NA,NA,NA,NA,NA,NA,NA,NA,NA,NA,NA,NA,NA
NA,NA,NA,NA,NA,NA,NA,NA,NA,NA,NA,NA,NA,NA,NA,NA,NA,NA,NA,NA,NA,NA,NA,NA,NA
NA,NA,NA,NA,NA,NA,NA,NA,NA,NA,NA,NA,NA,NA,NA,NA,NA,NA,NA,NA,NA,NA,NA,NA,NA
NA,NA,NA,NA,NA,NA,NA,NA,NA,NA,NA,NA,NA,NA,NA,NA,NA,NA,NA,NA,NA,NA,NA,NA,NA
NA,NA,NA,NA,NA,NA,NA,NA,NA,NA,NA,NA,NA,NA,NA,NA,NA,NA,NA,NA,NA,NA,NA,NA,NA
NA,NA,NA,NA,NA,NA,NA,NA,NA,NA,NA,NA,NA,NA,NA,NA,NA,NA,NA,NA,NA,NA,NA,NA,NA
NA,NA,NA,NA,NA,NA,NA,NA,NA,NA,NA,NA,NA,NA,NA,NA,NA,NA,NA,NA,NA,NA,NA,NA,NA
NA,NA,NA,NA,NA,NA,NA,NA,NA,NA,NA,NA,NA,NA,NA,NA,NA,NA,NA,NA,NA,NA,NA,NA,NA
NA,NA,NA,NA,NA,NA,NA,NA,NA,NA,NA,NA,NA,NA,NA,NA,NA,NA,NA,NA,NA,NA,NA,NA,NA
NA,NA,NA,NA,NA,NA,NA,NA,NA,NA,NA,NA,NA,NA,NA,NA,NA,NA,NA,NA,NA,NA,NA,NA,NA
NA,NA,NA,NA,NA,NA,NA,NA,NA,NA,NA,NA,NA,NA,NA,NA,NA,NA,NA,NA,NA,NA,NA,NA,NA
NA,NA,NA,NA,NA,NA,NA,NA,NA,NA,NA,NA,NA,NA,NA,NA,NA,NA,NA,NA,NA,NA,NA,NA,NA
NA,NA,NA,NA,NA,NA,NA,NA,NA,NA,NA,NA,NA,NA,NA,NA,NA,NA,NA,NA,NA,NA,NA,NA,NA
NA,NA,NA,NA,NA,NA,NA,NA,NA,NA,NA,NA,NA,NA,NA,NA,NA,NA,NA,NA,NA,NA,NA,NA,NA
NA,NA,NA,NA,NA,NA,NA,NA,NA,NA,NA,NA,NA,NA,NA,NA,NA,NA,NA,NA,NA,NA,NA,NA,NA
NA,NA,NA,NA,NA,NA,NA,NA,NA,NA,NA,NA,NA,NA,NA,NA,NA,NA,NA,NA,NA,NA,NA,NA,NA
NA,NA,NA,NA,NA,NA,NA,NA,NA,NA,NA,NA,NA,NA,NA,NA,NA,NA,NA,NA,NA,NA,NA,NA,NA
NA,NA,NA,NA,NA,NA,NA,NA,NA,NA,NA,NA,NA,NA,NA,NA,NA,NA,NA,NA,NA,NA,NA,NA,NA
NA,NA,NA,NA,NA,NA,NA,NA,NA,NA,NA,NA,NA,NA,NA,NA,NA,NA,NA,NA,NA,NA,NA,NA,NA
NA,NA,NA,NA,NA,NA,NA,NA,NA,NA,NA,NA,NA,NA,NA,NA,NA,NA,NA,NA,NA,NA,NA,NA,NA
NA,NA,NA,NA,NA,NA,NA,NA,NA,NA,NA,NA,NA,NA,NA,NA,NA,NA,NA,NA,NA,NA,NA,NA,NA
NA,NA,NA,NA,NA,NA,NA,NA,NA,NA,NA,NA,NA,NA,NA,NA,NA,NA,NA,NA,NA,NA,NA,NA,NA
NA,NA,NA,NA,NA,NA,NA,NA,NA,NA,NA,NA,NA,NA,NA,NA,NA,NA,NA,NA,NA,NA,NA,NA,NA
NA,NA,NA,NA,NA,NA,NA,NA,NA,NA,NA,NA,NA,NA,NA,NA,NA,NA,NA,NA,NA,NA,NA,NA,NA
NA,NA,NA,NA,NA,NA,NA,NA,NA,NA,NA,NA,NA,NA,NA,NA,NA,NA,NA,NA,NA,NA,NA,NA,NA
NA,NA,NA,NA,NA,NA,NA,NA,NA,NA,NA,NA,NA,NA,NA,NA,NA,NA,NA,NA,NA,NA,NA,NA,NA
NA,NA,NA,NA,NA,NA,NA,NA,NA,NA,NA,NA,NA,NA,NA,NA,NA,NA,NA,NA,NA,NA,NA,NA,NA
NA,NA,NA,NA,NA,NA,NA,NA,NA,NA,NA,NA,NA,NA,NA,NA,NA,NA,NA,NA,NA,NA,NA,NA,NA
NA,NA,NA,NA,NA,NA,NA,NA,NA,NA,NA,NA,NA,NA,NA,NA,NA,NA,NA,NA,NA,NA,NA,NA,NA
NA,NA,NA,NA,NA,NA,NA,NA,NA,NA,NA,NA,NA,NA,NA,NA,NA,NA,NA,NA,NA,NA,NA,NA,NA
NA,NA,NA,NA,NA,NA,NA,NA,NA,NA,NA,NA,NA,NA,NA,NA,NA,NA,NA,NA,NA,NA,NA,NA,NA
NA,NA,NA,NA,NA,NA,NA,NA,NA,NA,NA,NA,NA,NA,NA,NA,NA,NA,NA,NA,NA,NA,NA,NA,NA
NA,NA,NA,NA,NA,NA,NA,NA,NA,NA,NA,NA,NA,NA,NA,NA,NA,NA,NA,NA,NA,NA,NA,NA,NA
NA,NA,NA,NA,NA,NA,NA,NA,NA,NA,NA,NA,NA,NA,NA,NA,NA,NA,NA,NA,NA,NA,NA,NA,NA
NA,NA,NA,NA,NA,NA,NA,NA,NA,NA,NA,NA,NA,NA,NA,NA,NA,NA,NA,NA,NA,NA,NA,NA,NA
NA,NA,NA,NA,NA,NA,NA,NA,NA,NA,NA,NA,NA,NA,NA,NA,NA,NA,NA,NA,NA,NA,NA,NA,NA
NA,NA,NA,NA,NA,NA,NA,NA,NA,NA,NA,NA,NA,NA,NA,NA,NA,NA,NA,NA,NA,NA,NA,NA,NA
NA,NA,NA,NA,NA,NA,NA,NA,NA,NA,NA,NA,NA,NA,NA,NA,NA,NA,NA,NA,NA,NA,NA,NA,NA
NA,NA,NA,NA,NA,NA,NA,NA,NA,NA,NA,NA,NA,NA,NA,NA,NA,NA,NA,NA,NA,NA,NA,NA,NA
NA,NA,NA,NA,NA,NA,NA,NA,NA,NA,NA,NA,NA,NA,NA,NA,NA,NA,NA,NA,NA,NA,NA,NA,NA
NA,NA,NA,NA,NA,NA,NA,NA,NA,NA,NA,NA,NA,NA,NA,NA,NA,NA,NA,NA,NA,NA,NA,NA,NA
NA,NA,NA,NA,NA,NA,NA,NA,NA,NA,NA,NA,NA,NA,NA,NA,NA,NA,NA,NA,NA,NA,NA,NA,NA
NA,NA,NA,NA,NA,NA,NA,NA,NA,NA,NA,NA,NA,NA,NA,NA,NA,NA,NA,NA,NA,NA,NA,NA,NA
NA,NA,NA,NA,NA,NA,NA,NA,NA,NA,NA,NA,NA,NA,NA,NA,NA,NA,NA,NA,NA,NA,NA,NA,NA
NA,NA,NA,NA,NA,NA,NA,NA,NA,NA,NA,NA,NA,NA,NA,NA,NA,NA,NA,NA,NA,NA,NA,NA,NA
NA,NA,NA,NA,NA,NA,NA,NA,NA,NA,NA,NA,NA,NA,NA,NA,NA,NA,NA,NA,NA,NA,NA,NA,NA
NA,NA,NA,NA,NA,NA,NA,NA,NA,NA,NA,NA,NA,NA,NA,NA,NA,NA,NA,NA,NA,NA,NA,NA,NA
NA,NA,NA,NA,NA,NA,NA,NA,NA,NA,NA,NA,NA,NA,NA,NA,NA,NA,NA,NA,NA,NA,NA,NA,NA
NA,NA,NA,NA,NA,NA,NA,NA,NA,NA,NA,NA,NA,NA,NA,NA,NA,NA,NA,NA,NA,NA,NA,NA,NA
NA,NA,NA,NA,NA,NA,NA,NA,NA,NA,NA,NA,NA,NA,NA,NA,NA,NA,NA,NA,NA,NA,NA,NA,NA
NA,NA,NA,NA,NA,NA,NA,NA,NA,NA,NA,NA,NA,NA,NA,NA,NA,NA,NA,NA,NA,NA,NA,NA,NA
NA,NA,NA,NA,NA,NA,NA,NA,NA,NA,NA,NA,NA,NA,NA,NA,NA,NA,NA,NA,NA,NA,NA,NA,NA
NA,NA,NA,NA,NA,NA,NA,NA,NA,NA,NA,NA,NA,NA,NA,NA,NA,NA,NA,NA,NA,NA,NA,NA,NA
NA,NA,NA,NA,NA,NA,NA,NA,NA,NA,NA,NA,NA,NA,NA,NA,NA,NA,NA,NA,NA,NA,NA,NA,NA
NA,NA,NA,NA,NA,NA,NA,NA,NA,NA,NA,NA,NA,NA,NA,NA,NA,NA,NA,NA,NA,NA,NA,NA,NA
NA,NA,NA,NA,NA,NA,NA,NA,NA,NA,NA,NA,NA,NA,NA,NA,NA,NA,NA,NA,NA,NA,NA,NA,NA
NA,NA,NA,NA,NA,NA,NA,NA,NA,NA,NA,NA,NA,NA,NA,NA,NA,NA,NA,NA,NA,NA,NA,NA,NA
NA,NA,NA,NA,NA,NA,NA,NA,NA,NA,NA,NA,NA,NA,NA,NA,NA,NA,NA,NA,NA,NA,NA,NA,NA
NA,NA,NA,NA,NA,NA,NA,NA,NA,NA,NA,NA,NA,NA,NA,NA,NA,NA,NA,NA,NA,NA,NA,NA,NA
NA,NA,NA,NA,NA,NA,NA,NA,NA,NA,NA,NA,NA,NA,NA,NA,NA,NA,NA,NA,NA,NA,NA,NA,NA
NA,NA,NA,NA,NA,NA,NA,NA,NA,NA,NA,NA,NA,NA,NA,NA,NA,NA,NA,NA,NA,NA,NA,NA,NA
NA,NA,NA,NA,NA,NA,NA,NA,NA,NA,NA,NA,NA,NA,NA,NA,NA,NA,NA,NA,NA,NA,NA,NA,NA
NA,NA,NA,NA,NA,NA,NA,NA,NA,NA,NA,NA,NA,NA,NA,NA,NA,NA,NA,NA,NA,NA,NA,NA,NA
NA,NA,NA,NA,NA,NA,NA,NA,NA,NA,NA,NA,NA,NA,NA,NA,NA,NA,NA,NA,NA,NA,NA,NA,NA
NA,NA,NA,NA,NA,NA,NA,NA,NA,NA,NA,NA,NA,NA,NA,NA,NA,NA,NA,NA,NA,NA,NA,NA,NA
NA,NA,NA,NA,NA,NA,NA,NA,NA,NA,NA,NA,NA,NA,NA,NA,NA,NA,NA,NA,NA,NA,NA,NA,NA
NA,NA,NA,NA,NA,NA,NA,NA,NA,NA,NA,NA,NA,NA,NA,NA,NA,NA,NA,NA,NA,NA,NA,NA,NA
NA,NA,NA,NA,NA,NA,NA,NA,NA,NA,NA,NA,NA,NA,NA,NA,NA,NA,NA,NA,NA,NA,NA,NA,NA
NA,NA,NA,NA,NA,NA,NA,NA,NA,NA,NA,NA,NA,NA,NA,NA,NA,NA,NA,NA,NA,NA,NA,NA,NA
NA,NA,NA,NA,NA,NA,NA,NA,NA,NA,NA,NA,NA,NA,NA,NA,NA,NA,NA,NA,NA,NA,NA,NA,NA
NA,NA,NA,NA,NA,NA,NA,NA,NA,NA,NA,NA,NA,NA,NA,NA,NA,NA,NA,NA,NA,NA,NA,NA,NA
NA,NA,NA,NA,NA,NA,NA,NA,NA,NA,NA,NA,NA,NA,NA,NA,NA,NA,NA,NA,NA,NA,NA,NA,NA
NA,NA,NA,NA,NA,NA,NA,NA,NA,NA,NA,NA,NA,NA,NA,NA,NA,NA,NA,NA,NA,NA,NA,NA,NA
NA,NA,NA,NA,NA,NA,NA,NA,NA,NA,NA,NA,NA,NA,NA,NA,NA,NA,NA,NA,NA,NA,NA,NA,NA
NA,NA,NA,NA,NA,NA,NA,NA,NA,NA,NA,NA,NA,NA,NA,NA,NA,NA,NA,NA,NA,NA,NA,NA,NA
NA,NA,NA,NA,NA,NA,NA,NA,NA,NA,NA,NA,NA,NA,NA,NA,NA,NA,NA,NA,NA,NA,NA,NA,NA
NA,NA,NA,NA,NA,NA,NA,NA,NA,NA,NA,NA,NA,NA,NA,NA,NA,NA,NA,NA,NA,NA,NA,NA,NA
NA,NA,NA,NA,NA,NA,NA,NA,NA,NA,NA,NA,NA,NA,NA,NA,NA,NA,NA,NA,NA,NA,NA,NA,NA
NA,NA,NA,NA,NA,NA,NA,NA,NA,NA,NA,NA,NA,NA,NA,NA,NA,NA,NA,NA,NA,NA,NA,NA,NA
NA,NA,NA,NA,NA,NA,NA,NA,NA,NA,NA,NA,NA,NA,NA,NA,NA,NA,NA,NA,NA,NA,NA,NA,NA
NA,NA,NA,NA,NA,NA,NA,NA,NA,NA,NA,NA,NA,NA,NA,NA,NA,NA,NA,NA,NA,NA,NA,NA,NA
NA,NA,NA,NA,NA,NA,NA,NA,NA,NA,NA,NA,NA,NA,NA,NA,NA,NA,NA,NA,NA,NA,NA,NA,NA
NA,NA,NA,NA,NA,NA,NA,NA,NA,NA,NA,NA,NA,NA,NA,NA,NA,NA,NA,NA,NA,NA,NA,NA,NA
NA,NA,NA,NA,NA,NA,NA,NA,NA,NA,NA,NA,NA,NA,NA,NA,NA,NA,NA,NA,NA,NA,NA,NA,NA
NA,NA,NA,NA,NA,NA,NA,NA,NA,NA,NA,NA,NA,NA,NA,NA,NA,NA,NA,NA,NA,NA,NA,NA,NA
NA,NA,NA,NA,NA,NA,NA,NA,NA,NA,NA,NA,NA,NA,NA,NA,NA,NA,NA,NA,NA,NA,NA,NA,NA
NA,NA,NA,NA,NA,NA,NA,NA,NA,NA,NA,NA,NA,NA,NA,NA,NA,NA,NA,NA,NA,NA,NA,NA,NA
NA,NA,NA,NA,NA,NA,NA,NA,NA,NA,NA,NA,NA,NA,NA,NA,NA,NA,NA,NA,NA,NA,NA,NA,NA
NA,NA,NA,NA,NA,NA,NA,NA,NA,NA,NA,NA,NA,NA,NA,NA,NA,NA,NA,NA,NA,NA,NA,NA,NA
NA,NA,NA,NA,NA,NA,NA,NA,NA,NA,NA,NA,NA,NA,NA,NA,NA,NA,NA,NA,NA,NA,NA,NA,NA
NA,NA,NA,NA,NA,NA,NA,NA,NA,NA,NA,NA,NA,NA,NA,NA,NA,NA,NA,NA,NA,NA,NA,NA,NA
NA,NA,NA,NA,NA,NA,NA,NA,NA,NA,NA,NA,NA,NA,NA,NA,NA,NA,NA,NA,NA,NA,NA,NA,NA
NA,NA,NA,NA,NA,NA,NA,NA,NA,NA,NA,NA,NA,NA,NA,NA,NA,NA,NA,NA,NA,NA,NA,NA,NA
NA,NA,NA,NA,NA,NA,NA,NA,NA,NA,NA,NA,NA,NA,NA,NA,NA,NA,NA,NA,NA,NA,NA,NA,NA
NA,NA,NA,NA,NA,NA,NA,NA,NA,NA,NA,NA,NA,NA,NA,NA,NA,NA,NA,NA,NA,NA,NA,NA,NA
NA,NA,NA,NA,NA,NA,NA,NA,NA,NA,NA,NA,NA,NA,NA,NA,NA,NA,NA,NA,NA,NA,NA,NA,NA
NA,NA,NA,NA,NA,NA,NA,NA,NA,NA,NA,NA,NA,NA,NA,NA,NA,NA,NA,NA,NA,NA,NA,NA,NA
NA,NA,NA,NA,NA,NA,NA,NA,NA,NA,NA,NA,NA,NA,NA,NA,NA,NA,NA,NA,NA,NA,NA,NA,NA
NA,NA,NA,NA,NA,NA,NA,NA,NA,NA,NA,NA,NA,NA,NA,NA,NA,NA,NA,NA,NA,NA,NA,NA,NA
NA,NA,NA,NA,NA,NA,NA,NA,NA,NA,NA,NA,NA,NA,NA,NA,NA,NA,NA,NA,NA,NA,NA,NA,NA
NA,NA,NA,NA,NA,NA,NA,NA,NA,NA,NA,NA,NA,NA,NA,NA,NA,NA,NA,NA,NA,NA,NA,NA,NA
NA,NA,NA,NA,NA,NA,NA,NA,NA,NA,NA,NA,NA,NA,NA,NA,NA,NA,NA,NA,NA,NA,NA,NA,NA
NA,NA,NA,NA,NA,NA,NA,NA,NA,NA,NA,NA,NA,NA,NA,NA,NA,NA,NA,NA,NA,NA,NA,NA,NA
NA,NA,NA,NA,NA,NA,NA,NA,NA,NA,NA,NA,NA,NA,NA,NA,NA,NA,NA,NA,NA,NA,NA,NA,NA
NA,NA,NA,NA,NA,NA,NA,NA,NA,NA,NA,NA,NA,NA,NA,NA,NA,NA,NA,NA,NA,NA,NA,NA,NA
NA,NA,NA,NA,NA,NA,NA,NA,NA,NA,NA,NA,NA,NA,NA,NA,NA,NA,NA,NA,NA,NA,NA,NA,NA
NA,NA,NA,NA,NA,NA,NA,NA,NA,NA,NA,NA,NA,NA,NA,NA,NA,NA,NA,NA,NA,NA,NA,NA,NA
NA,NA,NA,NA,NA,NA,NA,NA,NA,NA,NA,NA,NA,NA,NA,NA,NA,NA,NA,NA,NA,NA,NA,NA,NA
NA,NA,NA,NA,NA,NA,NA,NA,NA,NA,NA,NA,NA,NA,NA,NA,NA,NA,NA,NA,NA,NA,NA,NA,NA
NA,NA,NA,NA,NA,NA,NA,NA,NA,NA,NA,NA,NA,NA,NA,NA,NA,NA,NA,NA,NA,NA,NA,NA,NA
NA,NA,NA,NA,NA,NA,NA,NA,NA,NA,NA,NA,NA,NA,NA,NA,NA,NA,NA,NA,NA,NA,NA,NA,NA
NA,NA,NA,NA,NA,NA,NA,NA,NA,NA,NA,NA,NA,NA,NA,NA,NA,NA,NA,NA,NA,NA,NA,NA,NA
NA,NA,NA,NA,NA,NA,NA,NA,NA,NA,NA,NA,NA,NA,NA,NA,NA,NA,NA,NA,NA,NA,NA,NA,NA
NA,NA,NA,NA,NA,NA,NA,NA,NA,NA,NA,NA,NA,NA,NA,NA,NA,NA,NA,NA,NA,NA,NA,NA,NA
NA,NA,NA,NA,NA,NA,NA,NA,NA,NA,NA,NA,NA,NA,NA,NA,NA,NA,NA,NA,NA,NA,NA,NA,NA
NA,NA,NA,NA,NA,NA,NA,NA,NA,NA,NA,NA,NA,NA,NA,NA,NA,NA,NA,NA,NA,NA,NA,NA,NA
NA,NA,NA,NA,NA,NA,NA,NA,NA,NA,NA,NA,NA,NA,NA,NA,NA,NA,NA,NA,NA,NA,NA,NA,NA
NA,NA,NA,NA,NA,NA,NA,NA,NA,NA,NA,NA,NA,NA,NA,NA,NA,NA,NA,NA,NA,NA,NA,NA,NA
NA,NA,NA,NA,NA,NA,NA,NA,NA,NA,NA,NA,NA,NA,NA,NA,NA,NA,NA,NA,NA,NA,NA,NA,NA
NA,NA,NA,NA,NA,NA,NA,NA,NA,NA,NA,NA,NA,NA,NA,NA,NA,NA,NA,NA,NA,NA,NA,NA,NA
NA,NA,NA,NA,NA,NA,NA,NA,NA,NA,NA,NA,NA,NA,NA,NA,NA,NA,NA,NA,NA,NA,NA,NA,NA
NA,NA,NA,NA,NA,NA,NA,NA,NA,NA,NA,NA,NA,NA,NA,NA,NA,NA,NA,NA,NA,NA,NA,NA,NA
NA,NA,NA,NA,NA,NA,NA,NA,NA,NA,NA,NA,NA,NA,NA,NA,NA,NA,NA,NA,NA,NA,NA,NA,NA
NA,NA,NA,NA,NA,NA,NA,NA,NA,NA,NA,NA,NA,NA,NA,NA,NA,NA,NA,NA,NA,NA,NA,NA,NA
NA,NA,NA,NA,NA,NA,NA,NA,NA,NA,NA,NA,NA,NA,NA,NA,NA,NA,NA,NA,NA,NA,NA,NA,NA
NA,NA,NA,NA,NA,NA,NA,NA,NA,NA,NA,NA,NA,NA,NA,NA,NA,NA,NA,NA,NA,NA,NA,NA,NA
NA,NA,NA,NA,NA,NA,NA,NA,NA,NA,NA,NA,NA,NA,NA,NA,NA,NA,NA,NA,NA,NA,NA,NA,NA
NA,NA,NA,NA,NA,NA,NA,NA,NA,NA,NA,NA,NA,NA,NA,NA,NA,NA,NA,NA,NA,NA,NA,NA,NA
NA,NA,NA,NA,NA,NA,NA,NA,NA,NA,NA,NA,NA,NA,NA,NA,NA,NA,NA,NA,NA,NA,NA,NA,NA
NA,NA,NA,NA,NA,NA,NA,NA,NA,NA,NA,NA,NA,NA,NA,NA,NA,NA,NA,NA,NA,NA,NA,NA,NA
NA,NA,NA,NA,NA,NA,NA,NA,NA,NA,NA,NA,NA,NA,NA,NA,NA,NA,NA,NA,NA,NA,NA,NA,NA
NA,NA,NA,NA,NA,NA,NA,NA,NA,NA,NA,NA,NA,NA,NA,NA,NA,NA,NA,NA,NA,NA,NA,NA,NA
NA,NA,NA,NA,NA,NA,NA,NA,NA,NA,NA,NA,NA,NA,NA,NA,NA,NA,NA,NA,NA,NA,NA,NA,NA
NA,NA,NA,NA,NA,NA,NA,NA,NA,NA,NA,NA,NA,NA,NA,NA,NA,NA,NA,NA,NA,NA,NA,NA,NA
NA,NA,NA,NA,NA,NA,NA,NA,NA,NA,NA,NA,NA,NA,NA,NA,NA,NA,NA,NA,NA,NA,NA,NA,NA
NA,NA,NA,NA,NA,NA,NA,NA,NA,NA,NA,NA,NA,NA,NA,NA,NA,NA,NA,NA,NA,NA,NA,NA,NA
NA,NA,NA,NA,NA,NA,NA,NA,NA,NA,NA,NA,NA,NA,NA,NA,NA,NA,NA,NA,NA,NA,NA,NA,NA
NA,NA,NA,NA,NA,NA,NA,NA,NA,NA,NA,NA,NA,NA,NA,NA,NA,NA,NA,NA,NA,NA,NA,NA,NA
NA,NA,NA,NA,NA,NA,NA,NA,NA,NA,NA,NA,NA,NA,NA,NA,NA,NA,NA,NA,NA,NA,NA,NA,NA
NA,NA,NA,NA,NA,NA,NA,NA,NA,NA,NA,NA,NA,NA,NA,NA,NA,NA,NA,NA,NA,NA,NA,NA,NA
NA,NA,NA,NA,NA,NA,NA,NA,NA,NA,NA,NA,NA,NA,NA,NA,NA,NA,NA,NA,NA,NA,NA,NA,NA
NA,NA,NA,NA,NA,NA,NA,NA,NA,NA,NA,NA,NA,NA,NA,NA,NA,NA,NA,NA,NA,NA,NA,NA,NA
NA,NA,NA,NA,NA,NA,NA,NA,NA,NA,NA,NA,NA,NA,NA,NA,NA,NA,NA,NA,NA,NA,NA,NA,NA
NA,NA,NA,NA,NA,NA,NA,NA,NA,NA,NA,NA,NA,NA,NA,NA,NA,NA,NA,NA,NA,NA,NA,NA,NA
NA,NA,NA,NA,NA,NA,NA,NA,NA,NA,NA,NA,NA,NA,NA,NA,NA,NA,NA,NA,NA,NA,NA,NA,NA
NA,NA,NA,NA,NA,NA,NA,NA,NA,NA,NA,NA,NA,NA,NA,NA,NA,NA,NA,NA,NA,NA,NA,NA,NA
NA,NA,NA,NA,NA,NA,NA,NA,NA,NA,NA,NA,NA,NA,NA,NA,NA,NA,NA,NA,NA,NA,NA,NA,NA
NA,NA,NA,NA,NA,NA,NA,NA,NA,NA,NA,NA,NA,NA,NA,NA,NA,NA,NA,NA,NA,NA,NA,NA,NA
NA,NA,NA,NA,NA,NA,NA,NA,NA,NA,NA,NA,NA,NA,NA,NA,NA,NA,NA,NA,NA,NA,NA,NA,NA
NA,NA,NA,NA,NA,NA,NA,NA,NA,NA,NA,NA,NA,NA,NA,NA,NA,NA,NA,NA,NA,NA,NA,NA,NA
NA,NA,NA,NA,NA,NA,NA,NA,NA,NA,NA,NA,NA,NA,NA,NA,NA,NA,NA,NA,NA,NA,NA,NA,NA
NA,NA,NA,NA,NA,NA,NA,NA,NA,NA,NA,NA,NA,NA,NA,NA,NA,NA,NA,NA,NA,NA,NA,NA,NA
NA,NA,NA,NA,NA,NA,NA,NA,NA,NA,NA,NA,NA,NA,NA,NA,NA,NA,NA,NA,NA,NA,NA,NA,NA
NA,NA,NA,NA,NA,NA,NA,NA,NA,NA,NA,NA,NA,NA,NA,NA,NA,NA,NA,NA,NA,NA,NA,NA,NA
NA,NA,NA,NA,NA,NA,NA,NA,NA,NA,NA,NA,NA,NA,NA,NA,NA,NA,NA,NA,NA,NA,NA,NA,NA
NA,NA,NA,NA,NA,NA,NA,NA,NA,NA,NA,NA,NA,NA,NA,NA,NA,NA,NA,NA,NA,NA,NA,NA,NA
NA,NA,NA,NA,NA,NA,NA,NA,NA,NA,NA,NA,NA,NA,NA,NA,NA,NA,NA,NA,NA,NA,NA,NA,NA
NA,NA,NA,NA,NA,NA,NA,NA,NA,NA,NA,NA,NA,NA,NA,NA,NA,NA,NA,NA,NA,NA,NA,NA,NA
NA,NA,NA,NA,NA,NA,NA,NA,NA,NA,NA,NA,NA,NA,NA,NA,NA,NA,NA,NA,NA,NA,NA,NA,NA
NA,NA,NA,NA,NA,NA,NA,NA,NA,NA,NA,NA,NA,NA,NA,NA,NA,NA,NA,NA,NA,NA,NA,NA,NA
NA,NA,NA,NA,NA,NA,NA,NA,NA,NA,NA,NA,NA,NA,NA,NA,NA,NA,NA,NA,NA,NA,NA,NA,NA
NA,NA,NA,NA,NA,NA,NA,NA,NA,NA,NA,NA,NA,NA,NA,NA,NA,NA,NA,NA,NA,NA,NA,NA,NA
NA,NA,NA,NA,NA,NA,NA,NA,NA,NA,NA,NA,NA,NA,NA,NA,NA,NA,NA,NA,NA,NA,NA,NA,NA
NA,NA,NA,NA,NA,NA,NA,NA,NA,NA,NA,NA,NA,NA,NA,NA,NA,NA,NA,NA,NA,NA,NA,NA,NA
NA,NA,NA,NA,NA,NA,NA,NA,NA,NA,NA,NA,NA,NA,NA,NA,NA,NA,NA,NA,NA,NA,NA,NA,NA
NA,NA,NA,NA,NA,NA,NA,NA,NA,NA,NA,NA,NA,NA,NA,NA,NA,NA,NA,NA,NA,NA,NA,NA,NA
NA,NA,NA,NA,NA,NA,NA,NA,NA,NA,NA,NA,NA,NA,NA,NA,NA,NA,NA,NA,NA,NA,NA,NA,NA
NA,NA,NA,NA,NA,NA,NA,NA,NA,NA,NA,NA,NA,NA,NA,NA,NA,NA,NA,NA,NA,NA,NA,NA,NA
NA,NA,NA,NA,NA,NA,NA,NA,NA,NA,NA,NA,NA,NA,NA,NA,NA,NA,NA,NA,NA,NA,NA,NA,NA
NA,NA,NA,NA,NA,NA,NA,NA,NA,NA,NA,NA,NA,NA,NA,NA,NA,NA,NA,NA,NA,NA,NA,NA,NA
NA,NA,NA,NA,NA,NA,NA,NA,NA,NA,NA,NA,NA,NA,NA,NA,NA,NA,NA,NA,NA,NA,NA,NA,NA
NA,NA,NA,NA,NA,NA,NA,NA,NA,NA,NA,NA,NA,NA,NA,NA,NA,NA,NA,NA,NA,NA,NA,NA,NA
NA,NA,NA,NA,NA,NA,NA,NA,NA,NA,NA,NA,NA,NA,NA,NA,NA,NA,NA,NA,NA,NA,NA,NA,NA
NA,NA,NA,NA,NA,NA,NA,NA,NA,NA,NA,NA,NA,NA,NA,NA,NA,NA,NA,NA,NA,NA,NA,NA,NA
NA,NA,NA,NA,NA,NA,NA,NA,NA,NA,NA,NA,NA,NA,NA,NA,NA,NA,NA,NA,NA,NA,NA,NA,NA
NA,NA,NA,NA,NA,NA,NA,NA,NA,NA,NA,NA,NA,NA,NA,NA,NA,NA,NA,NA,NA,NA,NA,NA,NA
NA,NA,NA,NA,NA,NA,NA,NA,NA,NA,NA,NA,NA,NA,NA,NA,NA,NA,NA,NA,NA,NA,NA,NA,NA
NA,NA,NA,NA,NA,NA,NA,NA,NA,NA,NA,NA,NA,NA,NA,NA,NA,NA,NA,NA,NA,NA,NA,NA,NA
NA,NA,NA,NA,NA,NA,NA,NA,NA,NA,NA,NA,NA,NA,NA,NA,NA,NA,NA,NA,NA,NA,NA,NA,NA
NA,NA,NA,NA,NA,NA,NA,NA,NA,NA,NA,NA,NA,NA,NA,NA,NA,NA,NA,NA,NA,NA,NA,NA,NA
NA,NA,NA,NA,NA,NA,NA,NA,NA,NA,NA,NA,NA,NA,NA,NA,NA,NA,NA,NA,NA,NA,NA,NA,NA
NA,NA,NA,NA,NA,NA,NA,NA,NA,NA,NA,NA,NA,NA,NA,NA,NA,NA,NA,NA,NA,NA,NA,NA,NA
NA,NA,NA,NA,NA,NA,NA,NA,NA,NA,NA,NA,NA,NA,NA,NA,NA,NA,NA,NA,NA,NA,NA,NA,NA
NA,NA,NA,NA,NA,NA,NA,NA,NA,NA,NA,NA,NA,NA,NA,NA,NA,NA,NA,NA,NA,NA,NA,NA,NA
NA,NA,NA,NA,NA,NA,NA,NA,NA,NA,NA,NA,NA,NA,NA,NA,NA,NA,NA,NA,NA,NA,NA,NA,NA
NA,NA,NA,NA,NA,NA,NA,NA,NA,NA,NA,NA,NA,NA,NA,NA,NA,NA,NA,NA,NA,NA,NA,NA,NA
NA,NA,NA,NA,NA,NA,NA,NA,NA,NA,NA,NA,NA,NA,NA,NA,NA,NA,NA,NA,NA,NA,NA,NA,NA
NA,NA,NA,NA,NA,NA,NA,NA,NA,NA,NA,NA,NA,NA,NA,NA,NA,NA,NA,NA,NA,NA,NA,NA,NA
NA,NA,NA,NA,NA,NA,NA,NA,NA,NA,NA,NA,NA,NA,NA,NA,NA,NA,NA,NA,NA,NA,NA,NA,NA
NA,NA,NA,NA,NA,NA,NA,NA,NA,NA,NA,NA,NA,NA,NA,NA,NA,NA,NA,NA,NA,NA,NA,NA,NA
NA,NA,NA,NA,NA,NA,NA,NA,NA,NA,NA,NA,NA,NA,NA,NA,NA,NA,NA,NA,NA,NA,NA,NA,NA
NA,NA,NA,NA,NA,NA,NA,NA,NA,NA,NA,NA,NA,NA,NA,NA,NA,NA,NA,NA,NA,NA,NA,NA,NA
NA,NA,NA,NA,NA,NA,NA,NA,NA,NA,NA,NA,NA,NA,NA,NA,NA,NA,NA,NA,NA,NA,NA,NA,NA
NA,NA,NA,NA,NA,NA,NA,NA,NA,NA,NA,NA,NA,NA,NA,NA,NA,NA,NA,NA,NA,NA,NA,NA,NA
NA,NA,NA,NA,NA,NA,NA,NA,NA,NA,NA,NA,NA,NA,NA,NA,NA,NA,NA,NA,NA,NA,NA,NA,NA
NA,NA,NA,NA,NA,NA,NA,NA,NA,NA,NA,NA,NA,NA,NA,NA,NA,NA,NA,NA,NA,NA,NA,NA,NA
NA,NA,NA,NA,NA,NA,NA,NA,NA,NA,NA,NA,NA,NA,NA,NA,NA,NA,NA,NA,NA,NA,NA,NA,NA
NA,NA,NA,NA,NA,NA,NA,NA,NA,NA,NA,NA,NA,NA,NA,NA,NA,NA,NA,NA,NA,NA,NA,NA,NA
NA,NA,NA,NA,NA,NA,NA,NA,NA,NA,NA,NA,NA,NA,NA,NA,NA,NA,NA,NA,NA,NA,NA,NA,NA
NA,NA,NA,NA,NA,NA,NA,NA,NA,NA,NA,NA,NA,NA,NA,NA,NA,NA,NA,NA,NA,NA,NA,NA,NA
NA,NA,NA,NA,NA,NA,NA,NA,NA,NA,NA,NA,NA,NA,NA,NA,NA,NA,NA,NA,NA,NA,NA,NA,NA
NA,NA,NA,NA,NA,NA,NA,NA,NA,NA,NA,NA,NA,NA,NA,NA,NA,NA,NA,NA,NA,NA,NA,NA,NA
NA,NA,NA,NA,NA,NA,NA,NA,NA,NA,NA,NA,NA,NA,NA,NA,NA,NA,NA,NA,NA,NA,NA,NA,NA
NA,NA,NA,NA,NA,NA,NA,NA,NA,NA,NA,NA,NA,NA,NA,NA,NA,NA,NA,NA,NA,NA,NA,NA,NA
NA,NA,NA,NA,NA,NA,NA,NA,NA,NA,NA,NA,NA,NA,NA,NA,NA,NA,NA,NA,NA,NA,NA,NA,NA
NA,NA,NA,NA,NA,NA,NA,NA,NA,NA,NA,NA,NA,NA,NA,NA,NA,NA,NA,NA,NA,NA,NA,NA,NA
NA,NA,NA,NA,NA,NA,NA,NA,NA,NA,NA,NA,NA,NA,NA,NA,NA,NA,NA,NA,NA,NA,NA,NA,NA
NA,NA,NA,NA,NA,NA,NA,NA,NA,NA,NA,NA,NA,NA,NA,NA,NA,NA,NA,NA,NA,NA,NA,NA,NA
NA,NA,NA,NA,NA,NA,NA,NA,NA,NA,NA,NA,NA,NA,NA,NA,NA,NA,NA,NA,NA,NA,NA,NA,NA
NA,NA,NA,NA,NA,NA,NA,NA,NA,NA,NA,NA,NA,NA,NA,NA,NA,NA,NA,NA,NA,NA,NA,NA,NA
